

INSERT INTO rule_group (`name`, `description`, `level`, `plugin_id`, `flag`) VALUES ('Tencent 等保预检', '等保合规检查（全称为等级保护合规检查）为您提供了全面覆盖通信网络、区域边界、计算环境和管理中心的网络安全检查。', '等保三级', 'fit2cloud-qcloud-plugin', 1);
SELECT @groupId1 := LAST_INSERT_ID();
INSERT INTO rule_group (`name`, `description`, `level`, `plugin_id`, `flag`) VALUES ('Tencent CIS合规检查', 'CIS（Center for Internet Security）合规检查能力，为您动态且持续地监控您保有在云上的资源是否符合 CIS Control 网络安全架构要求。', '高风险', 'fit2cloud-qcloud-plugin', 1);
SELECT @groupId2 := LAST_INSERT_ID();
INSERT INTO rule_group (`name`, `description`, `level`, `plugin_id`, `flag`) VALUES ('Tencent COS合规基线', 'COS 合规检查为您提供全方位的对象存储资源检查功能。', '高风险', 'fit2cloud-qcloud-plugin', 1);
SELECT @groupId3 := LAST_INSERT_ID();

INSERT INTO rule(id, name, status, severity, description, script, parameter, plugin_id, plugin_name, plugin_icon, last_modified, flag, scan_type) VALUES ('1240a2b8-f7ef-47c3-8048-2dd95d6d5b54', 'Tencent EIP带宽峰值扫描', 1, 'HighRisk', 'Tencent  检测您账号下的弹性IP实例是否达到最低带宽要求，是视为“合规”，否则视为“不合规”', 'policies:\n    # 检测您账号下的弹性IP实例是否达到最低带宽要求\n    - name: tencent-eip-bandwidth\n      resource: tencent.eip\n      filters:\n        - type: bandwidth\n          value: ${{value}}', '[{\"key\":\"value\",\"name\":\"按带宽计费的公网型实例的带宽峰值\",\"defaultValue\":\"10\",\"required\":true}]', 'fit2cloud-qcloud-plugin', '腾讯云', 'qcloud.png', concat(unix_timestamp(now()), '003'), 1, 'custodian');
INSERT INTO rule(id, name, status, severity, description, script, parameter, plugin_id, plugin_name, plugin_icon, last_modified, flag, scan_type) VALUES ('159e19e9-e956-4c52-92fc-c9746372e448', 'Tencent CVM实例关机计费模式扫描', 1, 'HighRisk', 'Tencent CVM实例的关机计费模式是否为关机停止收费，是视为“合规”，否则视为“不合规”', 'policies:\n    # CVM实例的关机计费模式是否为关机停止收费，是视为“合规”，否则视为“不合规”\n    - name: tencent-cvm-stop-charging-mode\n      resource: tencent.cvm\n      filters:\n        - type: stop-charging-mode\n          value: ${{value}}', '[{\"key\":\"value\",\"name\":\"计费模式\",\"defaultValue\":\"STOP_CHARGING\",\"required\":true}]', 'fit2cloud-qcloud-plugin', '腾讯云', 'qcloud.png', concat(unix_timestamp(now()), '003'), 1, 'custodian');
INSERT INTO rule(id, name, status, severity, description, script, parameter, plugin_id, plugin_name, plugin_icon, last_modified, flag, scan_type) VALUES ('17dbe1a1-e9e7-4513-aa07-597ae932ff73', 'Tencent CVM实例公网IP扫描', 1, 'HighRisk', 'Tencent CVM实例未直接绑定公网IP，视为“合规”，否则属于“不合规”。该规则仅适用于 IPv4 协议', 'policies:\n    # CVM实例未直接绑定公网IP，视为“合规”。该规则仅适用于 IPv4 协议\n    - name: tencent-cvm-public-ip-address\n      resource: tencent.cvm\n      filters:\n        - type: public-ip-address', '[]', 'fit2cloud-qcloud-plugin', '腾讯云', 'qcloud.png', concat(unix_timestamp(now()), '003'), 1, 'custodian');
INSERT INTO rule(id, name, status, severity, description, script, parameter, plugin_id, plugin_name, plugin_icon, last_modified, flag, scan_type) VALUES ('21fc2518-3b2b-475a-8398-4b1d9f68cfdb', 'Tencent Redis实例网络类型扫描', 1, 'HighRisk', 'Tencent  检测您账号下的Redis实例是否运行在VPC网络环境下，是视为“合规”，否则属于“不合规”', 'policies:\n    # 检测您账号下的Redis实例是否运行在VPC网络环境下，是视为“合规”\n    - name: tencent-redis-network-type\n      resource: tencent.redis\n      filters:\n        - type: network-type\n          value: ${{value}}', '[{\"key\":\"value\",\"name\":\"实例的网络类型\",\"defaultValue\":\"vpc\",\"required\":true}]', 'fit2cloud-qcloud-plugin', '腾讯云', 'qcloud.png', concat(unix_timestamp(now()), '003'), 1, 'custodian');
INSERT INTO rule(id, name, status, severity, description, script, parameter, plugin_id, plugin_name, plugin_icon, last_modified, flag, scan_type) VALUES ('2631d8a3-e5d8-4ef3-88c9-a8176fae110b', 'Tencent SecurityGroup安全组配置扫描', 1, 'HighRisk', 'Tencent  账号下CVM安全组配置不为“0.0.0.0/0”，视为“合规”，否则属于“不合规”', 'policies:\n    # 账号下ECS安全组配置不为“0.0.0.0/0”，视为“合规”。\n    - name: tencent-sg-source-cidr-ip\n      resource: tencent.security-group\n      filters:\n        - type: source-cidr-ip\n          value: ${{value}}', '[{\"key\":\"value\",\"name\":\"目标IP地址段\",\"defaultValue\":\"\\\"0.0.0.0/0\\\"\",\"required\":true}]', 'fit2cloud-qcloud-plugin', '腾讯云', 'qcloud.png', concat(unix_timestamp(now()), '003'), 1, 'custodian');
INSERT INTO rule(id, name, status, severity, description, script, parameter, plugin_id, plugin_name, plugin_icon, last_modified, flag, scan_type) VALUES ('2c4de559-7182-44e7-9657-b97412f0f0a7', 'Tencent CDB实例网络类型扫描', 1, 'HighRisk', 'Tencent  账号下CDB实例已关联到VPC；若您配置阈值，则关联的VpcId需存在您列出的阈值中，视为“合规”，否则属于“不合规”', 'policies:\n    # 账号下CDB实例已关联到VPC；若您配置阈值，则关联的VpcId需存在您列出的阈值中，视为“合规”。\n    - name: tencent-cdb-instance-network-type\n      resource: tencent.cdb\n      filters:\n        - type: network-type\n          value: ${{value}}', '[{\"key\":\"value\",\"name\":\"实例的网络类型\",\"defaultValue\":\"vpc\",\"required\":true}]', 'fit2cloud-qcloud-plugin', '腾讯云', 'qcloud.png', concat(unix_timestamp(now()), '003'), 1, 'custodian');
INSERT INTO rule(id, name, status, severity, description, script, parameter, plugin_id, plugin_name, plugin_icon, last_modified, flag, scan_type) VALUES ('3e66d418-3e47-475b-a863-03a9653940ed', 'Tencent COS存储桶加密扫描', 1, 'HighRisk', 'Tencent  查看并确认您的COS存储桶启用了默认加密，未开启则该存储桶不合规', 'policies:\n    # 查看并确认您的COS存储桶启用了默认加密，未开启则该存储桶不合规\n    - name: tencent-cos-encryption\n      resource: tencent.cos\n      filters:\n        - type: encryption\n          value: ${{value}}', '[{\"key\":\"value\",\"name\":\"是否加密\",\"defaultValue\":\"true\",\"required\":true}]', 'fit2cloud-qcloud-plugin', '腾讯云', 'qcloud.png', concat(unix_timestamp(now()), '003'), 1, 'custodian');
INSERT INTO rule(id, name, status, severity, description, script, parameter, plugin_id, plugin_name, plugin_icon, last_modified, flag, scan_type) VALUES ('4cffcef8-be1e-44e0-8057-892e2cf588d5', 'Tencent CDB实例高可用状态扫描', 1, 'HighRisk', 'Tencent 账号下CDB实例具备高可用能力，视为“合规”，否则属于“不合规”', 'policies:\n    # 账号下CDB实例具备高可用能力，视为“合规”，否则属于“不合规”。\n    - name: tencent-cdb-device-type\n      resource: tencent.cdb\n      filters:\n        - type: device-type\n          value: ${{value}}', '[{\"key\":\"value\",\"name\":\"实例类型\",\"defaultValue\":\"BASIC\",\"required\":true}]', 'fit2cloud-qcloud-plugin', '腾讯云', 'qcloud.png', concat(unix_timestamp(now()), '003'), 1, 'custodian');
INSERT INTO rule(id, name, status, severity, description, script, parameter, plugin_id, plugin_name, plugin_icon, last_modified, flag, scan_type) VALUES ('525d0b91-ca93-4d3d-8679-195aef136e0b', 'Tencent CLB公网访问扫描', 1, 'HighRisk', 'Tencent  账号下CLB不允许任意来源公网访问，视为“合规”，否则属于“不合规”', 'policies:\n    # 账号下CLB不允许任意来源公网访问，视为“合规”\n    - name: tencent-clb-acls\n      resource: tencent.clb\n      filters:\n        - type: acls\n          value: ${{value}}', '[{\"key\":\"value\",\"name\":\"网络类型\",\"defaultValue\":\"INTERNAL\",\"required\":true}]', 'fit2cloud-qcloud-plugin', '腾讯云', 'qcloud.png', concat(unix_timestamp(now()), '003'), 1, 'custodian');
INSERT INTO rule(id, name, status, severity, description, script, parameter, plugin_id, plugin_name, plugin_icon, last_modified, flag, scan_type) VALUES ('59a95d30-30d7-45bf-ac47-80afed002ade', 'Tencent CLB负载均衡实例关联到VPC扫描', 1, 'HighRisk', 'Tencent  账号下负载均衡实例已关联到VPC；若您配置阈值，则关联的VpcId需存在您列出的阈值中，视为“合规”，否则视为“不合规”', 'policies:\n    # 账号下负载均衡实例已关联到VPC；若您配置阈值，则关联的VpcId需存在您列出的阈值中，视为“合规”。\n    - name: tencent-clb-network-type\n      resource: tencent.clb\n      filters:\n        - type: network-type\n          value: ${{value}}', '[{\"key\":\"value\",\"name\":\"负载均衡实例的网络类型\",\"defaultValue\":\"vpc\",\"required\":true}]', 'fit2cloud-qcloud-plugin', '腾讯云', 'qcloud.png', concat(unix_timestamp(now()), '003'), 1, 'custodian');
INSERT INTO rule(id, name, status, severity, description, script, parameter, plugin_id, plugin_name, plugin_icon, last_modified, flag, scan_type) VALUES ('68363ad8-cce8-4458-b8f1-9bd1d1af54a7', 'Tencent CDB实例多可用区扫描', 1, 'HighRisk', 'Tencent 账号下CDB实例支持多可用区，视为“合规”，否则视为“不合规”', 'policies:\n    # 账号下CDB实例支持多可用区，视为“合规”。\n    - name: tencent-cdb-availablezones\n      resource: tencent.cdb\n      filters:\n        - type: availablezones\n          value: ${{value}}', '[{\"key\":\"value\",\"name\":\"支持多可用区\",\"defaultValue\":\"true\",\"required\":true}]', 'fit2cloud-qcloud-plugin', '腾讯云', 'qcloud.png', concat(unix_timestamp(now()), '003'), 1, 'custodian');
INSERT INTO rule(id, name, status, severity, description, script, parameter, plugin_id, plugin_name, plugin_icon, last_modified, flag, scan_type) VALUES ('77eab07c-1e3c-4713-acf1-ed1bede0531d', 'Tencent COS公开读取访问权限扫描', 1, 'HighRisk', 'Tencent  查看您的COS存储桶是否不允许公开读取访问权限。如果某个COS存储桶策略或存储桶 ACL 允许公开读取访问权限，则该存储桶不合规', 'policies:\n    # 查看您的COS存储桶是否不允许公开读取访问权限。\n    - name: tencent-cos-global-grants\n      resource: tencent.cos\n      filters:\n        - type: global-grants\n          value: ${{value}}', '[{\"key\":\"value\",\"name\":\"公开读取访问权限\",\"defaultValue\":\"READ\",\"required\":true}]', 'fit2cloud-qcloud-plugin', '腾讯云', 'qcloud.png', concat(unix_timestamp(now()), '003'), 1, 'custodian');
INSERT INTO rule(id, name, status, severity, description, script, parameter, plugin_id, plugin_name, plugin_icon, last_modified, flag, scan_type) VALUES ('a0dca246-563a-49c3-8a43-3c537ba1fb36', 'Tencent CLB带宽峰值扫描', 1, 'HighRisk', 'Tencent  检测您账号下的CLB负载均衡实例是否达到最低带宽要求，是视为“合规”，否则视为“不合规”', 'policies:\n    # 检测您账号下的负载均衡实例是否达到最低带宽要求。\n    - name: tencent-clb-bandwidth\n      resource: tencent.clb\n      filters:\n        - type: bandwidth\n          value: ${{value}}', '[{\"key\":\"value\",\"name\":\"按带宽计费的公网型实例的带宽峰值\",\"defaultValue\":\"10\",\"required\":true}]', 'fit2cloud-qcloud-plugin', '腾讯云', 'qcloud.png', concat(unix_timestamp(now()), '003'), 1, 'custodian');
INSERT INTO rule(id, name, status, severity, description, script, parameter, plugin_id, plugin_name, plugin_icon, last_modified, flag, scan_type) VALUES ('bfbf6be1-69f8-448e-9c23-c5267530d573', 'Tencent Disk磁盘加密扫描', 1, 'HighRisk', 'Tencent 账号下所有的磁盘均已加密，视为“合规”，否则视为“不合规”', 'policies:\n    # 账号下所有的磁盘均已加密，视为“合规”，否则视为“不合规”\n    - name: tencent-disk-encrypt\n      resource: tencent.disk\n      filters:\n        - type: encrypt\n          value: ${{value}}', '[{\"key\":\"value\",\"name\":\"磁盘是否加密( true/false )\",\"defaultValue\":\"true\",\"required\":true}]', 'fit2cloud-qcloud-plugin', '腾讯云', 'qcloud.png', concat(unix_timestamp(now()), '003'), 1, 'custodian');
INSERT INTO rule(id, name, status, severity, description, script, parameter, plugin_id, plugin_name, plugin_icon, last_modified, flag, scan_type) VALUES ('c1b41cbc-1263-4d67-a7c6-cf064999c6f8', 'Tencent MongoDB实例网络类型扫描', 1, 'HighRisk', 'Tencent  检测您账号下的MongoDB实例是否运行在VPC网络环境下，是视为“合规”，否则视为“不合规”', 'policies:\n    # 检测您账号下的MongoDB实例是否运行在VPC网络环境下\n    - name: tencent-mongodb-network-type\n      resource: tencent.mongodb\n      filters:\n        - type: network-type\n          value: ${{value}}', '[{\"key\":\"value\",\"name\":\"实例的网络类型\",\"defaultValue\":\"vpc\",\"required\":true}]', 'fit2cloud-qcloud-plugin', '腾讯云', 'qcloud.png', concat(unix_timestamp(now()), '003'), 1, 'custodian');
INSERT INTO rule(id, name, status, severity, description, script, parameter, plugin_id, plugin_name, plugin_icon, last_modified, flag, scan_type) VALUES ('c95be861-6e0e-4404-9b21-5ccfcd94ee3f', 'Tencent MongoDB实例公网访问扫描', 1, 'HighRisk', 'Tencent  检测您账号下MongoDB实例不允许任意来源公网访问，视为“合规”，否则属于“不合规”', 'policies:\n    # 检测您账号下MongoDB实例不允许任意来源公网访问，视为“合规”\n    - name: tencent-mongodb-internet-access\n      resource: tencent.mongodb\n      filters:\n        - type: internet-access\n          value: ${{value}}', '[{\"key\":\"value\",\"name\":\"启用公网访问\",\"defaultValue\":\"true\",\"required\":true}]', 'fit2cloud-qcloud-plugin', '腾讯云', 'qcloud.png', concat(unix_timestamp(now()), '003'), 1, 'custodian');
INSERT INTO rule(id, name, status, severity, description, script, parameter, plugin_id, plugin_name, plugin_icon, last_modified, flag, scan_type) VALUES ('ca991f61-49a4-49b2-9d14-16ca338d8149', 'Tencent COS防盗链扫描', 1, 'HighRisk', 'Tencent  检测COS Bucket是否开启防盗链开关，已开通视为“合规”，否则属于“不合规”', 'policies:\n    # 检测COS Bucket是否开启防盗链开关，已开通视为“合规”。\n    - name: tencent-cos-bucket-referer\n      resource: tencent.cos\n      filters:\n        - type: bucket-referer\n          value: ${{value}}', '[{\"key\":\"value\",\"name\":\"是否开启防盗链开关\",\"defaultValue\":\"true\",\"required\":true}]', 'fit2cloud-qcloud-plugin', '腾讯云', 'qcloud.png', concat(unix_timestamp(now()), '003'), 1, 'custodian');
INSERT INTO rule(id, name, status, severity, description, script, parameter, plugin_id, plugin_name, plugin_icon, last_modified, flag, scan_type) VALUES ('cb9320af-4ee6-4c11-8840-8ec4b9cc8276', 'Tencent CDB实例公网访问扫描', 1, 'HighRisk', 'Tencent  检测您账号下CDB实例不允许任意来源公网访问，视为“合规”，否则属于“不合规”', 'policies:\n    # 检测您账号下CDB实例不允许任意来源公网访问，视为“合规”\n    - name: tencent-cdb-internet-access\n      resource: tencent.cdb\n      filters:\n        - type: internet-access\n          value: ${{value}}', '[{\"key\":\"value\",\"name\":\"启用公网访问\",\"defaultValue\":\"true\",\"required\":true}]', 'fit2cloud-qcloud-plugin', '腾讯云', 'qcloud.png', concat(unix_timestamp(now()), '003'), 1, 'custodian');
INSERT INTO rule(id, name, status, severity, description, script, parameter, plugin_id, plugin_name, plugin_icon, last_modified, flag, scan_type) VALUES ('f8badb51-4a56-48cc-993f-6eb6698ea0ea', 'Tencent COS公开写入访问权限扫描', 1, 'HighRisk', 'Tencent  查看您的COS存储桶是否不允许公开写入访问权限。如果某个COS存储桶策略或存储桶 ACL 允许公开写入访问权限，则该存储桶不合规', 'policies:\n    # 查看您的COS存储桶是否不允许公开写入访问权限。\n    - name: tencent-cos-global-grants\n      resource: tencent.cos\n      filters:\n        - type: global-grants\n          value: ${{value}}', '[{\"key\":\"value\",\"name\":\"公开读取访问权限\",\"defaultValue\":\"WRITE\",\"required\":true}]', 'fit2cloud-qcloud-plugin', '腾讯云', 'qcloud.png', concat(unix_timestamp(now()), '003'), 1, 'custodian');
INSERT INTO rule(id, name, status, severity, description, script, parameter, plugin_id, plugin_name, plugin_icon, last_modified, flag, scan_type) VALUES ('f9d3db46-d340-4487-ae9b-82b827108912', 'Tencent SecurityGroup高危安全组扫描', 1, 'HighRisk', 'Tencent  检测安全组是否开启风险端口，未开启视为“合规”，否则属于“不合规”', 'policies:\n  #扫描开放以下高危端口的安全组：\n  #(20,21,22,25,80,773,765,1733,1737,3306,3389,7333,5732,5500)\n  - name: tencent-security-group\n    resource: tencent.security-group\n    description: |\n      Add Filter all security groups, filter ports\n      [20,21,22,25,80,773,765,1733,1737,3306,3389,7333,5732,5500]\n      on 0.0.0.0/0 or\n      [20,21,22,25,80,773,765, 1733,1737,3306,3389,7333,5732,5500]\n      on ::/0 (IPv6)\n    filters:\n        - or:\n            - type: ingress\n              IpProtocol: \"-1\"\n              Ports: ${{ipv4_port}}\n              Cidr: \"0.0.0.0/0\"\n            - type: ingress\n              IpProtocol: \"-1\"\n              Ports: ${{ipv6_port}}\n              Cidr: \"::/0\"', '[{\"key\":\"ipv4_port\",\"name\":\"ipv4端口\",\"defaultValue\":\"[20,21,22,25,80,773,765, 1733,1737,3306,3389,7333,5732,5500]\",\"required\":true},{\"key\":\"ipv6_port\",\"name\":\"ipv6端口\",\"defaultValue\":\"[20,21,22,25,80,773,765, 1733,1737,3306,3389,7333,5732,5500]\",\"required\":true}]', 'fit2cloud-qcloud-plugin', '腾讯云', 'qcloud.png', concat(unix_timestamp(now()), '003'), 1, 'custodian');


INSERT INTO rule_tag_mapping(id, rule_id, tag_key) VALUES (51, '17dbe1a1-e9e7-4513-aa07-597ae932ff73', 'safety');
INSERT INTO rule_tag_mapping(id, rule_id, tag_key) VALUES (52, '159e19e9-e956-4c52-92fc-c9746372e448', 'cost');
INSERT INTO rule_tag_mapping(id, rule_id, tag_key) VALUES (53, 'bfbf6be1-69f8-448e-9c23-c5267530d573', 'safety');
INSERT INTO rule_tag_mapping(id, rule_id, tag_key) VALUES (54, 'f9d3db46-d340-4487-ae9b-82b827108912', 'safety');
INSERT INTO rule_tag_mapping(id, rule_id, tag_key) VALUES (55, '2631d8a3-e5d8-4ef3-88c9-a8176fae110b', 'safety');
INSERT INTO rule_tag_mapping(id, rule_id, tag_key) VALUES (56, '1240a2b8-f7ef-47c3-8048-2dd95d6d5b54', 'safety');
INSERT INTO rule_tag_mapping(id, rule_id, tag_key) VALUES (57, '525d0b91-ca93-4d3d-8679-195aef136e0b', 'safety');
INSERT INTO rule_tag_mapping(id, rule_id, tag_key) VALUES (58, '21fc2518-3b2b-475a-8398-4b1d9f68cfdb', 'safety');
INSERT INTO rule_tag_mapping(id, rule_id, tag_key) VALUES (59, 'a0dca246-563a-49c3-8a43-3c537ba1fb36', 'safety');
INSERT INTO rule_tag_mapping(id, rule_id, tag_key) VALUES (60, '59a95d30-30d7-45bf-ac47-80afed002ade', 'safety');
INSERT INTO rule_tag_mapping(id, rule_id, tag_key) VALUES (61, 'cb9320af-4ee6-4c11-8840-8ec4b9cc8276', 'safety');
INSERT INTO rule_tag_mapping(id, rule_id, tag_key) VALUES (62, '4cffcef8-be1e-44e0-8057-892e2cf588d5', 'safety');
INSERT INTO rule_tag_mapping(id, rule_id, tag_key) VALUES (63, '68363ad8-cce8-4458-b8f1-9bd1d1af54a7', 'safety');
INSERT INTO rule_tag_mapping(id, rule_id, tag_key) VALUES (64, '2c4de559-7182-44e7-9657-b97412f0f0a7', 'safety');
INSERT INTO rule_tag_mapping(id, rule_id, tag_key) VALUES (65, '77eab07c-1e3c-4713-acf1-ed1bede0531d', 'safety');
INSERT INTO rule_tag_mapping(id, rule_id, tag_key) VALUES (66, 'f8badb51-4a56-48cc-993f-6eb6698ea0ea', 'safety');
INSERT INTO rule_tag_mapping(id, rule_id, tag_key) VALUES (67, 'ca991f61-49a4-49b2-9d14-16ca338d8149', 'safety');
INSERT INTO rule_tag_mapping(id, rule_id, tag_key) VALUES (68, '3e66d418-3e47-475b-a863-03a9653940ed', 'safety');
INSERT INTO rule_tag_mapping(id, rule_id, tag_key) VALUES (69, 'c1b41cbc-1263-4d67-a7c6-cf064999c6f8', 'safety');
INSERT INTO rule_tag_mapping(id, rule_id, tag_key) VALUES (70, 'c95be861-6e0e-4404-9b21-5ccfcd94ee3f', 'safety');


INSERT INTO rule_inspection_report_mapping(id, rule_id, report_id) VALUES (112, 'bfbf6be1-69f8-448e-9c23-c5267530d573', '53');
INSERT INTO rule_inspection_report_mapping(id, rule_id, report_id) VALUES (113, 'f9d3db46-d340-4487-ae9b-82b827108912', '9');
INSERT INTO rule_inspection_report_mapping(id, rule_id, report_id) VALUES (114, 'f9d3db46-d340-4487-ae9b-82b827108912', '46');
INSERT INTO rule_inspection_report_mapping(id, rule_id, report_id) VALUES (115, 'f9d3db46-d340-4487-ae9b-82b827108912', '92');
INSERT INTO rule_inspection_report_mapping(id, rule_id, report_id) VALUES (116, 'f9d3db46-d340-4487-ae9b-82b827108912', '93');
INSERT INTO rule_inspection_report_mapping(id, rule_id, report_id) VALUES (117, 'f9d3db46-d340-4487-ae9b-82b827108912', '95');
INSERT INTO rule_inspection_report_mapping(id, rule_id, report_id) VALUES (118, '2631d8a3-e5d8-4ef3-88c9-a8176fae110b', '10');
INSERT INTO rule_inspection_report_mapping(id, rule_id, report_id) VALUES (119, '2631d8a3-e5d8-4ef3-88c9-a8176fae110b', '13');
INSERT INTO rule_inspection_report_mapping(id, rule_id, report_id) VALUES (120, '2631d8a3-e5d8-4ef3-88c9-a8176fae110b', '92');
INSERT INTO rule_inspection_report_mapping(id, rule_id, report_id) VALUES (121, '2631d8a3-e5d8-4ef3-88c9-a8176fae110b', '93');
INSERT INTO rule_inspection_report_mapping(id, rule_id, report_id) VALUES (122, '2631d8a3-e5d8-4ef3-88c9-a8176fae110b', '95');
INSERT INTO rule_inspection_report_mapping(id, rule_id, report_id) VALUES (123, '1240a2b8-f7ef-47c3-8048-2dd95d6d5b54', '2');
INSERT INTO rule_inspection_report_mapping(id, rule_id, report_id) VALUES (124, '525d0b91-ca93-4d3d-8679-195aef136e0b', '10');
INSERT INTO rule_inspection_report_mapping(id, rule_id, report_id) VALUES (125, '525d0b91-ca93-4d3d-8679-195aef136e0b', '13');
INSERT INTO rule_inspection_report_mapping(id, rule_id, report_id) VALUES (126, 'a0dca246-563a-49c3-8a43-3c537ba1fb36', '2');
INSERT INTO rule_inspection_report_mapping(id, rule_id, report_id) VALUES (127, '59a95d30-30d7-45bf-ac47-80afed002ade', '3');
INSERT INTO rule_inspection_report_mapping(id, rule_id, report_id) VALUES (128, '21fc2518-3b2b-475a-8398-4b1d9f68cfdb', '6');
INSERT INTO rule_inspection_report_mapping(id, rule_id, report_id) VALUES (129, '21fc2518-3b2b-475a-8398-4b1d9f68cfdb', '7');
INSERT INTO rule_inspection_report_mapping(id, rule_id, report_id) VALUES (130, '59a95d30-30d7-45bf-ac47-80afed002ade', '4');
INSERT INTO rule_inspection_report_mapping(id, rule_id, report_id) VALUES (131, '59a95d30-30d7-45bf-ac47-80afed002ade', '5');
INSERT INTO rule_inspection_report_mapping(id, rule_id, report_id) VALUES (132, '59a95d30-30d7-45bf-ac47-80afed002ade', '6');
INSERT INTO rule_inspection_report_mapping(id, rule_id, report_id) VALUES (133, '59a95d30-30d7-45bf-ac47-80afed002ade', '7');
INSERT INTO rule_inspection_report_mapping(id, rule_id, report_id) VALUES (134, 'cb9320af-4ee6-4c11-8840-8ec4b9cc8276', '97');
INSERT INTO rule_inspection_report_mapping(id, rule_id, report_id) VALUES (135, 'c95be861-6e0e-4404-9b21-5ccfcd94ee3f', '97');
INSERT INTO rule_inspection_report_mapping(id, rule_id, report_id) VALUES (136, '21fc2518-3b2b-475a-8398-4b1d9f68cfdb', '3');
INSERT INTO rule_inspection_report_mapping(id, rule_id, report_id) VALUES (137, '21fc2518-3b2b-475a-8398-4b1d9f68cfdb', '4');
INSERT INTO rule_inspection_report_mapping(id, rule_id, report_id) VALUES (138, '21fc2518-3b2b-475a-8398-4b1d9f68cfdb', '5');
INSERT INTO rule_inspection_report_mapping(id, rule_id, report_id) VALUES (139, '4cffcef8-be1e-44e0-8057-892e2cf588d5', '2');
INSERT INTO rule_inspection_report_mapping(id, rule_id, report_id) VALUES (140, '4cffcef8-be1e-44e0-8057-892e2cf588d5', '56');
INSERT INTO rule_inspection_report_mapping(id, rule_id, report_id) VALUES (141, '4cffcef8-be1e-44e0-8057-892e2cf588d5', '57');
INSERT INTO rule_inspection_report_mapping(id, rule_id, report_id) VALUES (142, '4cffcef8-be1e-44e0-8057-892e2cf588d5', '58');
INSERT INTO rule_inspection_report_mapping(id, rule_id, report_id) VALUES (143, '3e66d418-3e47-475b-a863-03a9653940ed', '96');
INSERT INTO rule_inspection_report_mapping(id, rule_id, report_id) VALUES (144, 'c1b41cbc-1263-4d67-a7c6-cf064999c6f8', '3');
INSERT INTO rule_inspection_report_mapping(id, rule_id, report_id) VALUES (145, 'c1b41cbc-1263-4d67-a7c6-cf064999c6f8', '4');
INSERT INTO rule_inspection_report_mapping(id, rule_id, report_id) VALUES (146, 'c1b41cbc-1263-4d67-a7c6-cf064999c6f8', '5');
INSERT INTO rule_inspection_report_mapping(id, rule_id, report_id) VALUES (147, 'c1b41cbc-1263-4d67-a7c6-cf064999c6f8', '6');
INSERT INTO rule_inspection_report_mapping(id, rule_id, report_id) VALUES (148, '2c4de559-7182-44e7-9657-b97412f0f0a7', '3');
INSERT INTO rule_inspection_report_mapping(id, rule_id, report_id) VALUES (149, '2c4de559-7182-44e7-9657-b97412f0f0a7', '4');
INSERT INTO rule_inspection_report_mapping(id, rule_id, report_id) VALUES (150, '2c4de559-7182-44e7-9657-b97412f0f0a7', '5');
INSERT INTO rule_inspection_report_mapping(id, rule_id, report_id) VALUES (151, '2c4de559-7182-44e7-9657-b97412f0f0a7', '6');
INSERT INTO rule_inspection_report_mapping(id, rule_id, report_id) VALUES (152, '2c4de559-7182-44e7-9657-b97412f0f0a7', '7');
INSERT INTO rule_inspection_report_mapping(id, rule_id, report_id) VALUES (153, '77eab07c-1e3c-4713-acf1-ed1bede0531d', '10');
INSERT INTO rule_inspection_report_mapping(id, rule_id, report_id) VALUES (154, '77eab07c-1e3c-4713-acf1-ed1bede0531d', '13');
INSERT INTO rule_inspection_report_mapping(id, rule_id, report_id) VALUES (155, 'f8badb51-4a56-48cc-993f-6eb6698ea0ea', '10');
INSERT INTO rule_inspection_report_mapping(id, rule_id, report_id) VALUES (156, 'f8badb51-4a56-48cc-993f-6eb6698ea0ea', '13');
INSERT INTO rule_inspection_report_mapping(id, rule_id, report_id) VALUES (157, '3e66d418-3e47-475b-a863-03a9653940ed', '53');
INSERT INTO rule_inspection_report_mapping(id, rule_id, report_id) VALUES (158, '3e66d418-3e47-475b-a863-03a9653940ed', '55');
INSERT INTO rule_inspection_report_mapping(id, rule_id, report_id) VALUES (159, 'c1b41cbc-1263-4d67-a7c6-cf064999c6f8', '7');


INSERT INTO rule_group_mapping(id, rule_id, group_id) VALUES (68, '17dbe1a1-e9e7-4513-aa07-597ae932ff73', @groupId1);
INSERT INTO rule_group_mapping(id, rule_id, group_id) VALUES (69, '159e19e9-e956-4c52-92fc-c9746372e448', @groupId1);
INSERT INTO rule_group_mapping(id, rule_id, group_id) VALUES (70, 'bfbf6be1-69f8-448e-9c23-c5267530d573', @groupId1);
INSERT INTO rule_group_mapping(id, rule_id, group_id) VALUES (71, 'f9d3db46-d340-4487-ae9b-82b827108912', @groupId1);
INSERT INTO rule_group_mapping(id, rule_id, group_id) VALUES (72, 'f9d3db46-d340-4487-ae9b-82b827108912', @groupId2);
INSERT INTO rule_group_mapping(id, rule_id, group_id) VALUES (73, '2631d8a3-e5d8-4ef3-88c9-a8176fae110b', @groupId1);
INSERT INTO rule_group_mapping(id, rule_id, group_id) VALUES (74, '1240a2b8-f7ef-47c3-8048-2dd95d6d5b54', @groupId1);
INSERT INTO rule_group_mapping(id, rule_id, group_id) VALUES (75, '525d0b91-ca93-4d3d-8679-195aef136e0b', @groupId1);
INSERT INTO rule_group_mapping(id, rule_id, group_id) VALUES (76, '525d0b91-ca93-4d3d-8679-195aef136e0b', @groupId2);
INSERT INTO rule_group_mapping(id, rule_id, group_id) VALUES (77, 'c95be861-6e0e-4404-9b21-5ccfcd94ee3f', @groupId1);
INSERT INTO rule_group_mapping(id, rule_id, group_id) VALUES (78, '21fc2518-3b2b-475a-8398-4b1d9f68cfdb', @groupId1);
INSERT INTO rule_group_mapping(id, rule_id, group_id) VALUES (79, 'a0dca246-563a-49c3-8a43-3c537ba1fb36', @groupId1);
INSERT INTO rule_group_mapping(id, rule_id, group_id) VALUES (80, '59a95d30-30d7-45bf-ac47-80afed002ade', @groupId1);
INSERT INTO rule_group_mapping(id, rule_id, group_id) VALUES (81, '59a95d30-30d7-45bf-ac47-80afed002ade', @groupId2);
INSERT INTO rule_group_mapping(id, rule_id, group_id) VALUES (82, 'cb9320af-4ee6-4c11-8840-8ec4b9cc8276', @groupId1);
INSERT INTO rule_group_mapping(id, rule_id, group_id) VALUES (83, '3e66d418-3e47-475b-a863-03a9653940ed', @groupId3);
INSERT INTO rule_group_mapping(id, rule_id, group_id) VALUES (84, 'c1b41cbc-1263-4d67-a7c6-cf064999c6f8', @groupId1);
INSERT INTO rule_group_mapping(id, rule_id, group_id) VALUES (85, '4cffcef8-be1e-44e0-8057-892e2cf588d5', @groupId1);
INSERT INTO rule_group_mapping(id, rule_id, group_id) VALUES (86, '4cffcef8-be1e-44e0-8057-892e2cf588d5', @groupId2);
INSERT INTO rule_group_mapping(id, rule_id, group_id) VALUES (87, '3e66d418-3e47-475b-a863-03a9653940ed', @groupId1);
INSERT INTO rule_group_mapping(id, rule_id, group_id) VALUES (88, '3e66d418-3e47-475b-a863-03a9653940ed', @groupId2);
INSERT INTO rule_group_mapping(id, rule_id, group_id) VALUES (89, '68363ad8-cce8-4458-b8f1-9bd1d1af54a7', @groupId1);
INSERT INTO rule_group_mapping(id, rule_id, group_id) VALUES (90, 'ca991f61-49a4-49b2-9d14-16ca338d8149', @groupId3);
INSERT INTO rule_group_mapping(id, rule_id, group_id) VALUES (91, '2c4de559-7182-44e7-9657-b97412f0f0a7', @groupId1);
INSERT INTO rule_group_mapping(id, rule_id, group_id) VALUES (92, '77eab07c-1e3c-4713-acf1-ed1bede0531d', @groupId1);
INSERT INTO rule_group_mapping(id, rule_id, group_id) VALUES (93, '77eab07c-1e3c-4713-acf1-ed1bede0531d', @groupId3);
INSERT INTO rule_group_mapping(id, rule_id, group_id) VALUES (94, 'f8badb51-4a56-48cc-993f-6eb6698ea0ea', @groupId1);
INSERT INTO rule_group_mapping(id, rule_id, group_id) VALUES (95, 'f8badb51-4a56-48cc-993f-6eb6698ea0ea', @groupId3);
INSERT INTO rule_group_mapping(id, rule_id, group_id) VALUES (96, 'ca991f61-49a4-49b2-9d14-16ca338d8149', @groupId1);


INSERT INTO rule_type(id, rule_id, resource_type) VALUES ('09c1be72-fdb4-40fe-9b5c-a3b4ea2d1c90', '159e19e9-e956-4c52-92fc-c9746372e448', 'tencent.cvm');
INSERT INTO rule_type(id, rule_id, resource_type) VALUES ('118eab49-4ea8-4816-bea6-d97341f965ed', '4cffcef8-be1e-44e0-8057-892e2cf588d5', 'tencent.cdb');
INSERT INTO rule_type(id, rule_id, resource_type) VALUES ('18185324-959d-468a-be7e-2806bab40975', '525d0b91-ca93-4d3d-8679-195aef136e0b', 'tencent.clb');
INSERT INTO rule_type(id, rule_id, resource_type) VALUES ('1dc43bd3-1883-4434-9674-6a656ce59209', '17dbe1a1-e9e7-4513-aa07-597ae932ff73', 'tencent.cvm');
INSERT INTO rule_type(id, rule_id, resource_type) VALUES ('24ea14f8-ff20-4c5c-bfb3-a084b8458ada', '21fc2518-3b2b-475a-8398-4b1d9f68cfdb', 'tencent.redis');
INSERT INTO rule_type(id, rule_id, resource_type) VALUES ('3bcc71e3-4b4c-486d-ab2a-a6679266bd01', '2631d8a3-e5d8-4ef3-88c9-a8176fae110b', 'tencent.security-group');
INSERT INTO rule_type(id, rule_id, resource_type) VALUES ('43aae92e-4101-4c86-8d0e-3ce4ec07bdb1', 'a0dca246-563a-49c3-8a43-3c537ba1fb36', 'tencent.clb');
INSERT INTO rule_type(id, rule_id, resource_type) VALUES ('4bc5b3c2-2675-4853-94e7-dec368dcdeac', '2c4de559-7182-44e7-9657-b97412f0f0a7', 'tencent.cdb');
INSERT INTO rule_type(id, rule_id, resource_type) VALUES ('4d7c26f9-d863-4c02-a02c-930997232fc8', '3e66d418-3e47-475b-a863-03a9653940ed', 'tencent.cos');
INSERT INTO rule_type(id, rule_id, resource_type) VALUES ('7b29aea1-79bf-4f77-abd7-690ef1e30f38', '1240a2b8-f7ef-47c3-8048-2dd95d6d5b54', 'tencent.eip');
INSERT INTO rule_type(id, rule_id, resource_type) VALUES ('7edd2575-f05d-4a85-be0d-8deb3e44f6f6', 'cb9320af-4ee6-4c11-8840-8ec4b9cc8276', 'tencent.cdb');
INSERT INTO rule_type(id, rule_id, resource_type) VALUES ('87b9b812-9c6b-41da-b404-5be6d965acd8', 'ca991f61-49a4-49b2-9d14-16ca338d8149', 'tencent.cos');
INSERT INTO rule_type(id, rule_id, resource_type) VALUES ('91ff97f6-57d8-4e83-8563-39a35f76e237', '68363ad8-cce8-4458-b8f1-9bd1d1af54a7', 'tencent.cdb');
INSERT INTO rule_type(id, rule_id, resource_type) VALUES ('9dcf67f6-d058-492a-a52e-760a820bb021', 'f8badb51-4a56-48cc-993f-6eb6698ea0ea', 'tencent.cos');
INSERT INTO rule_type(id, rule_id, resource_type) VALUES ('9f284a15-7817-45c1-b498-d2942e65dc11', 'f9d3db46-d340-4487-ae9b-82b827108912', 'tencent.security-group');
INSERT INTO rule_type(id, rule_id, resource_type) VALUES ('a8e82bba-9dea-4643-ad38-416e9be93b01', 'c1b41cbc-1263-4d67-a7c6-cf064999c6f8', 'tencent.mongodb');
INSERT INTO rule_type(id, rule_id, resource_type) VALUES ('bab1733c-7113-4789-b0ed-3ca5ea7ae1a3', '59a95d30-30d7-45bf-ac47-80afed002ade', 'tencent.clb');
INSERT INTO rule_type(id, rule_id, resource_type) VALUES ('d223721e-c12b-4e8e-b02d-45ff2d385036', '77eab07c-1e3c-4713-acf1-ed1bede0531d', 'tencent.cos');
INSERT INTO rule_type(id, rule_id, resource_type) VALUES ('defb6ac8-bcf2-4415-b5f5-b71b89332f70', 'c95be861-6e0e-4404-9b21-5ccfcd94ee3f', 'tencent.mongodb');
INSERT INTO rule_type(id, rule_id, resource_type) VALUES ('fc7e8e51-c441-41b7-90c2-ea2eecf0aae2', 'bfbf6be1-69f8-448e-9c23-c5267530d573', 'tencent.disk');
