
INSERT INTO rule_group (`name`, `description`, `level`, `plugin_id`, `flag`) VALUES ('AWS Prowler - AWS Security Tool', '遵循 CIS Amazon Web Services Foundations Benchmark（49 项检查）的指导方针，并有 100 多项额外检查，包括与 GDPR、HIPAA、PCI-DSS、ISO-27001、FFIEC、SOC2 等相关的检查。', '高风险', 'fit2cloud-aws-plugin', 1);

SELECT @groupId := LAST_INSERT_ID();

INSERT INTO `rule` (`id`, `name`, `status`, `severity`, `description`, `script`, `parameter`, `plugin_id`, `plugin_name`, `plugin_icon`, `last_modified`, `flag`, `scan_type`) VALUES ('ebc80d1e-5dd9-4b86-8037-fb7c9727084a', 'AWS 1.0 Identity and Access Management', 1, 'HighRisk', 'AWS 1.0 Identity and Access Management - CIS only - [group1]', '1.0 Identity and Access Management - CIS only - [group1] ***********\n\n1.1  [check11] Avoid the use of the root account (Scored)\n\n1.2  [check12] Ensure multi-factor authentication (MFA) is enabled for all IAM users that have a console password (Scored)\n\n1.3  [check13] Ensure credentials unused for 90 days or greater are disabled (Scored)\n\n1.4  [check14] Ensure access keys are rotated every 90 days or less (Scored)\n\n1.5  [check15] Ensure IAM password policy requires at least one uppercase letter (Scored)\n\n1.6  [check16] Ensure IAM password policy require at least one lowercase letter (Scored)\n\n1.7  [check17] Ensure IAM password policy require at least one symbol (Scored)\n\n1.8  [check18] Ensure IAM password policy require at least one number (Scored)\n\n1.9  [check19] Ensure IAM password policy requires minimum length of 14 or greater (Scored)\n\n1.10  [check110] Ensure IAM password policy prevents password reuse: 24 or greater (Scored)\n\n1.11  [check111] Ensure IAM password policy expires passwords within 90 days or less (Scored)\n\n1.12  [check112] Ensure no root account access key exists (Scored)\n\n1.13  [check113] Ensure MFA is enabled for the root account (Scored)\n\n1.14  [check114] Ensure hardware MFA is enabled for the root account (Scored)\n\n1.15 [check115] Ensure security questions are registered in the AWS account (Not Scored)\n\n1.16  [check116] Ensure IAM policies are attached only to groups or roles (Scored)\n\n1.17 [check117] Maintain current contact details (Not Scored)\n\n1.18 [check118] Ensure security contact information is registered (Not Scored)\n\n1.19 [check119] Ensure IAM instance roles are used for AWS resource access from instances (Not Scored)\n\n1.20  [check120] Ensure a support role has been created to manage incidents with AWS Support (Scored)\n\n1.21 [check121] Do not setup access keys during initial user setup for all IAM users that have a console password (Not Scored)\n\n1.22  [check122] Ensure IAM policies that allow full \"*:*\" administrative privileges are not created (Scored)\n\n7.74 [extra774] Ensure credentials unused for 30 days or greater are disabled', '[{\"key\":\"group\",\"name\":\"扫描分组\",\"defaultValue\":\"group1\",\"required\":true}]', 'fit2cloud-aws-plugin', 'AWS 亚马逊云', 'aws.png', concat(unix_timestamp(now()), '011'), 1, 'prowler');
INSERT INTO `rule` (`id`, `name`, `status`, `severity`, `description`, `script`, `parameter`, `plugin_id`, `plugin_name`, `plugin_icon`, `last_modified`, `flag`, `scan_type`) VALUES ('9929cc2a-7a9b-4643-a813-0e4359b09eb0', 'AWS 2.0 Logging', 1, 'HighRisk', 'AWS 2.0 Logging - CIS only - [group2]', '2.0 Logging - CIS only - [group2] **********************************\n\n2.1  [check21] Ensure CloudTrail is enabled in all regions (Scored)\n\n2.2  [check22] Ensure CloudTrail log file validation is enabled (Scored)\n\n2.3  [check23] Ensure the S3 bucket CloudTrail logs to is not publicly accessible (Scored)\n\n2.4  [check24] Ensure CloudTrail trails are integrated with CloudWatch Logs (Scored)\n\n2.5  [check25] Ensure AWS Config is enabled in all regions (Scored)\n\n2.6  [check26] Ensure S3 bucket access logging is enabled on the CloudTrail S3 bucket (Scored)\n\n2.7  [check27] Ensure CloudTrail logs are encrypted at rest using KMS CMKs (Scored)\n\n2.8  [check28] Ensure rotation for customer created KMS CMKs is enabled (Scored)\n\n2.9  [check29] Ensure VPC Flow Logging is Enabled in all VPCs (Scored)', '[{\"key\":\"group\",\"name\":\"扫描分组\",\"defaultValue\":\"group2\",\"required\":true}]', 'fit2cloud-aws-plugin', 'AWS 亚马逊云', 'aws.png', concat(unix_timestamp(now()), '012'), 1, 'prowler');
INSERT INTO `rule` (`id`, `name`, `status`, `severity`, `description`, `script`, `parameter`, `plugin_id`, `plugin_name`, `plugin_icon`, `last_modified`, `flag`, `scan_type`) VALUES ('8ad73e84-141a-40c4-bd56-1813535e8e92', 'AWS 3.0 Monitoring', 1, 'HighRisk', 'AWS 3.0 Monitoring - CIS only - [group3]', '3.0 Monitoring - CIS only - [group3] *******************************\n\n3.1  [check31] Ensure a log metric filter and alarm exist for unauthorized API calls (Scored)\n\n3.2  [check32] Ensure a log metric filter and alarm exist for Management Console sign-in without MFA (Scored)\n\n3.3  [check33] Ensure a log metric filter and alarm exist for usage of root account (Scored)\n\n3.4  [check34] Ensure a log metric filter and alarm exist for IAM policy changes (Scored)\n\n3.5  [check35] Ensure a log metric filter and alarm exist for CloudTrail configuration changes (Scored)\n\n3.6  [check36] Ensure a log metric filter and alarm exist for AWS Management Console authentication failures (Scored)\n\n3.7  [check37] Ensure a log metric filter and alarm exist for disabling or scheduled deletion of customer created KMS CMKs (Scored)\n\n3.8  [check38] Ensure a log metric filter and alarm exist for S3 bucket policy changes (Scored)\n\n3.9  [check39] Ensure a log metric filter and alarm exist for AWS Config configuration changes (Scored)\n\n3.10  [check310] Ensure a log metric filter and alarm exist for security group changes (Scored)\n\n3.11  [check311] Ensure a log metric filter and alarm exist for changes to Network Access Control Lists (NACL) (Scored)\n\n3.12  [check312] Ensure a log metric filter and alarm exist for changes to network gateways (Scored)\n\n3.13  [check313] Ensure a log metric filter and alarm exist for route table changes (Scored)\n\n3.14  [check314] Ensure a log metric filter and alarm exist for VPC changes (Scored)', '[{\"key\":\"group\",\"name\":\"扫描分组\",\"defaultValue\":\"group3\",\"required\":true}]', 'fit2cloud-aws-plugin', 'AWS 亚马逊云', 'aws.png', concat(unix_timestamp(now()), '013'), 1, 'prowler');
INSERT INTO `rule` (`id`, `name`, `status`, `severity`, `description`, `script`, `parameter`, `plugin_id`, `plugin_name`, `plugin_icon`, `last_modified`, `flag`, `scan_type`) VALUES ('ee74d071-d39e-4b0e-b4a3-e7ad24fbce12', 'AWS 4.0 Networking', 1, 'HighRisk', 'AWS 4.0 Networking - CIS only - [group4]', '4.0 Networking - CIS only - [group4] *******************************\n\n4.1  [check41] Ensure no security groups allow ingress from 0.0.0.0/0 or ::/0 to port 22 (Scored)\n\n4.2  [check42] Ensure no security groups allow ingress from 0.0.0.0/0 or ::/0 to port 3389 (Scored)\n\n4.3  [check43] Ensure the default security group of every VPC restricts all traffic (Scored)\n\n4.4 [check44] Ensure routing tables for VPC peering are \"least access\" (Not Scored)', '[{\"key\":\"group\",\"name\":\"扫描分组\",\"defaultValue\":\"group4\",\"required\":true}]', 'fit2cloud-aws-plugin', 'AWS 亚马逊云', 'aws.png', concat(unix_timestamp(now()), '014'), 1, 'prowler');
INSERT INTO `rule` (`id`, `name`, `status`, `severity`, `description`, `script`, `parameter`, `plugin_id`, `plugin_name`, `plugin_icon`, `last_modified`, `flag`, `scan_type`) VALUES ('0dc8ae24-71f8-449a-8834-d59f8fbdf991', 'AWS 5.0 CIS Level 1', 1, 'HighRisk', 'AWS 5.0 CIS Level 1 - CIS only - [cislevel1]', '5.0 CIS Level 1 - CIS only - [cislevel1] ***************************\n\n1.1  [check11] Avoid the use of the root account (Scored)\n\n1.2  [check12] Ensure multi-factor authentication (MFA) is enabled for all IAM users that have a console password (Scored)\n\n1.3  [check13] Ensure credentials unused for 90 days or greater are disabled (Scored)\n\n1.4  [check14] Ensure access keys are rotated every 90 days or less (Scored)\n\n1.5  [check15] Ensure IAM password policy requires at least one uppercase letter (Scored)\n\n1.6  [check16] Ensure IAM password policy require at least one lowercase letter (Scored)\n\n1.7  [check17] Ensure IAM password policy require at least one symbol (Scored)\n\n1.8  [check18] Ensure IAM password policy require at least one number (Scored)\n\n1.9  [check19] Ensure IAM password policy requires minimum length of 14 or greater (Scored)\n\n1.10  [check110] Ensure IAM password policy prevents password reuse: 24 or greater (Scored)\n\n1.11  [check111] Ensure IAM password policy expires passwords within 90 days or less (Scored)\n\n1.12  [check112] Ensure no root account access key exists (Scored)\n\n1.13  [check113] Ensure MFA is enabled for the root account (Scored)\n\n1.15 [check115] Ensure security questions are registered in the AWS account (Not Scored)\n\n1.16  [check116] Ensure IAM policies are attached only to groups or roles (Scored)\n\n1.17 [check117] Maintain current contact details (Not Scored)\n\n1.18 [check118] Ensure security contact information is registered (Not Scored)\n\n1.19 [check119] Ensure IAM instance roles are used for AWS resource access from instances (Not Scored)\n\n1.20  [check120] Ensure a support role has been created to manage incidents with AWS Support (Scored)\n\n1.22  [check122] Ensure IAM policies that allow full \"*:*\" administrative privileges are not created (Scored)\n\n2.1  [check21] Ensure CloudTrail is enabled in all regions (Scored)\n\n2.3  [check23] Ensure the S3 bucket CloudTrail logs to is not publicly accessible (Scored)\n\n2.4  [check24] Ensure CloudTrail trails are integrated with CloudWatch Logs (Scored)\n\n2.5  [check25] Ensure AWS Config is enabled in all regions (Scored)\n\n2.6  [check26] Ensure S3 bucket access logging is enabled on the CloudTrail S3 bucket (Scored)\n\n3.1  [check31] Ensure a log metric filter and alarm exist for unauthorized API calls (Scored)\n\n3.2  [check32] Ensure a log metric filter and alarm exist for Management Console sign-in without MFA (Scored)\n\n3.3  [check33] Ensure a log metric filter and alarm exist for usage of root account (Scored)\n\n3.4  [check34] Ensure a log metric filter and alarm exist for IAM policy changes (Scored)\n\n3.5  [check35] Ensure a log metric filter and alarm exist for CloudTrail configuration changes (Scored)\n\n3.8  [check38] Ensure a log metric filter and alarm exist for S3 bucket policy changes (Scored)\n\n3.12  [check312] Ensure a log metric filter and alarm exist for changes to network gateways (Scored)\n\n3.13  [check313] Ensure a log metric filter and alarm exist for route table changes (Scored)\n\n3.14  [check314] Ensure a log metric filter and alarm exist for VPC changes (Scored)\n\n4.1  [check41] Ensure no security groups allow ingress from 0.0.0.0/0 or ::/0 to port 22 (Scored)\n\n4.2  [check42] Ensure no security groups allow ingress from 0.0.0.0/0 or ::/0 to port 3389 (Scored)', '[{\"key\":\"group\",\"name\":\"扫描分组\",\"defaultValue\":\"cislevel1\",\"required\":true}]', 'fit2cloud-aws-plugin', 'AWS 亚马逊云', 'aws.png', concat(unix_timestamp(now()), '015'), 1, 'prowler');
INSERT INTO `rule` (`id`, `name`, `status`, `severity`, `description`, `script`, `parameter`, `plugin_id`, `plugin_name`, `plugin_icon`, `last_modified`, `flag`, `scan_type`) VALUES ('1fbd8c76-90e7-48e4-8281-ef597bb484e8', 'AWS 6.0 CIS Level 2', 1, 'HighRisk', 'AWS 6.0 CIS Level 2 - CIS only - [cislevel2]', '6.0 CIS Level 2 - CIS only - [cislevel2] ***************************\n\n1.1  [check11] Avoid the use of the root account (Scored)\n\n1.2  [check12] Ensure multi-factor authentication (MFA) is enabled for all IAM users that have a console password (Scored)\n\n1.3  [check13] Ensure credentials unused for 90 days or greater are disabled (Scored)\n\n1.4  [check14] Ensure access keys are rotated every 90 days or less (Scored)\n\n1.5  [check15] Ensure IAM password policy requires at least one uppercase letter (Scored)\n\n1.6  [check16] Ensure IAM password policy require at least one lowercase letter (Scored)\n\n1.7  [check17] Ensure IAM password policy require at least one symbol (Scored)\n\n1.8  [check18] Ensure IAM password policy require at least one number (Scored)\n\n1.9  [check19] Ensure IAM password policy requires minimum length of 14 or greater (Scored)\n\n1.10  [check110] Ensure IAM password policy prevents password reuse: 24 or greater (Scored)\n\n1.11  [check111] Ensure IAM password policy expires passwords within 90 days or less (Scored)\n\n1.12  [check112] Ensure no root account access key exists (Scored)\n\n1.13  [check113] Ensure MFA is enabled for the root account (Scored)\n\n1.14  [check114] Ensure hardware MFA is enabled for the root account (Scored)\n\n1.15 [check115] Ensure security questions are registered in the AWS account (Not Scored)\n\n1.16  [check116] Ensure IAM policies are attached only to groups or roles (Scored)\n\n1.17 [check117] Maintain current contact details (Not Scored)\n\n1.18 [check118] Ensure security contact information is registered (Not Scored)\n\n1.19 [check119] Ensure IAM instance roles are used for AWS resource access from instances (Not Scored)\n\n1.20  [check120] Ensure a support role has been created to manage incidents with AWS Support (Scored)\n\n1.21 [check121] Do not setup access keys during initial user setup for all IAM users that have a console password (Not Scored)\n\n1.22  [check122] Ensure IAM policies that allow full \"*:*\" administrative privileges are not created (Scored)\n\n2.1  [check21] Ensure CloudTrail is enabled in all regions (Scored)\n\n2.2  [check22] Ensure CloudTrail log file validation is enabled (Scored)\n\n2.3  [check23] Ensure the S3 bucket CloudTrail logs to is not publicly accessible (Scored)\n\n2.4  [check24] Ensure CloudTrail trails are integrated with CloudWatch Logs (Scored)\n\n2.5  [check25] Ensure AWS Config is enabled in all regions (Scored)\n\n2.6  [check26] Ensure S3 bucket access logging is enabled on the CloudTrail S3 bucket (Scored)\n\n2.7  [check27] Ensure CloudTrail logs are encrypted at rest using KMS CMKs (Scored)\n\n2.8  [check28] Ensure rotation for customer created KMS CMKs is enabled (Scored)\n\n2.9  [check29] Ensure VPC Flow Logging is Enabled in all VPCs (Scored)\n\n3.1  [check31] Ensure a log metric filter and alarm exist for unauthorized API calls (Scored)\n\n3.2  [check32] Ensure a log metric filter and alarm exist for Management Console sign-in without MFA (Scored)\n\n3.3  [check33] Ensure a log metric filter and alarm exist for usage of root account (Scored)\n\n3.4  [check34] Ensure a log metric filter and alarm exist for IAM policy changes (Scored)\n\n3.5  [check35] Ensure a log metric filter and alarm exist for CloudTrail configuration changes (Scored)\n\n3.6  [check36] Ensure a log metric filter and alarm exist for AWS Management Console authentication failures (Scored)\n\n3.7  [check37] Ensure a log metric filter and alarm exist for disabling or scheduled deletion of customer created KMS CMKs (Scored)\n\n3.8  [check38] Ensure a log metric filter and alarm exist for S3 bucket policy changes (Scored)\n\n3.9  [check39] Ensure a log metric filter and alarm exist for AWS Config configuration changes (Scored)\n\n3.10  [check310] Ensure a log metric filter and alarm exist for security group changes (Scored)\n\n3.11  [check311] Ensure a log metric filter and alarm exist for changes to Network Access Control Lists (NACL) (Scored)\n\n3.12  [check312] Ensure a log metric filter and alarm exist for changes to network gateways (Scored)\n\n3.13  [check313] Ensure a log metric filter and alarm exist for route table changes (Scored)\n\n3.14  [check314] Ensure a log metric filter and alarm exist for VPC changes (Scored)\n\n4.1  [check41] Ensure no security groups allow ingress from 0.0.0.0/0 or ::/0 to port 22 (Scored)\n\n4.2  [check42] Ensure no security groups allow ingress from 0.0.0.0/0 or ::/0 to port 3389 (Scored)\n\n4.3  [check43] Ensure the default security group of every VPC restricts all traffic (Scored)\n\n4.4 [check44] Ensure routing tables for VPC peering are \"least access\" (Not Scored)', '[{\"key\":\"group\",\"name\":\"扫描分组\",\"defaultValue\":\"cislevel2\",\"required\":true}]', 'fit2cloud-aws-plugin', 'AWS 亚马逊云', 'aws.png', concat(unix_timestamp(now()), '016'), 1, 'prowler');
INSERT INTO `rule` (`id`, `name`, `status`, `severity`, `description`, `script`, `parameter`, `plugin_id`, `plugin_name`, `plugin_icon`, `last_modified`, `flag`, `scan_type`) VALUES ('6bb291bd-fcdf-4aa9-8fdf-69e761c9c4e0', 'AWS 7.0 Extras', 1, 'HighRisk', 'AWS 7.0 Extras - all non CIS specific checks - [extras]', '7.0 Extras - all non CIS specific checks - [extras] ****************\n\n7.1 [extra71] Ensure users of groups with AdministratorAccess policy have MFA tokens enabled (Not Scored) (Not part of CIS benchmark)\n\n7.2 [extra72] Ensure there are no EBS Snapshots set as Public (Not Scored) (Not part of CIS benchmark)\n\n7.3 [extra73] Ensure there are no S3 buckets open to Everyone or Any AWS user (Not Scored) (Not part of CIS benchmark)\n\n7.4 [extra74] Ensure there are no Security Groups without ingress filtering being used (Not Scored) (Not part of CIS benchmark)\n\n7.5 [extra75] Ensure there are no Security Groups not being used (Not Scored) (Not part of CIS benchmark)\n\n7.6 [extra76] Ensure there are no EC2 AMIs set as Public (Not Scored) (Not part of CIS benchmark)\n\n7.7 [extra77] Ensure there are no ECR repositories set as Public (Not Scored) (Not part of CIS benchmark)\n\n7.8 [extra78] Ensure there are no Public Accessible RDS instances (Not Scored) (Not part of CIS benchmark)\n\n7.9 [extra79] Check for internet facing Elastic Load Balancers (Not Scored) (Not part of CIS benchmark)\n\n7.10 [extra710] Check for internet facing EC2 Instances (Not Scored) (Not part of CIS benchmark)\n\n7.11 [extra711] Check for Publicly Accessible Redshift Clusters (Not Scored) (Not part of CIS benchmark)\n\n7.12 [extra712] Check if Amazon Macie is enabled (Not Scored) (Not part of CIS benchmark)\n\n7.13 [extra713] Check if GuardDuty is enabled (Not Scored) (Not part of CIS benchmark)\n\n7.14 [extra714] Check if CloudFront distributions have logging enabled (Not Scored) (Not part of CIS benchmark)\n\n7.15 [extra715] Check if Amazon Elasticsearch Service (ES) domains have logging enabled\n\n7.16 [extra716] Check if Amazon Elasticsearch Service (ES) domains are set as Public or if it has open policy access\n\n7.17 [extra717] Check if Elastic Load Balancers have logging enabled (Not Scored) (Not part of CIS benchmark)\n\n7.18 [extra718] Check if S3 buckets have server access logging enabled (Not Scored) (Not part of CIS benchmark)\n\n7.19 [extra719] Check if Route53 public hosted zones are logging queries to CloudWatch Logs (Not Scored) (Not part of CIS benchmark)\n\n7.20 [extra720] Check if Lambda functions invoke API operations are being recorded by CloudTrail (Not Scored) (Not part of CIS benchmark)\n\n7.21 [extra721] Check if Redshift cluster has audit logging enabled (Not Scored) (Not part of CIS benchmark)\n\n7.22 [extra722] Check if API Gateway has logging enabled (Not Scored) (Not part of CIS benchmark)\n\n7.23 [extra723] Check if RDS Snapshots and Cluster Snapshots are public (Not Scored) (Not part of CIS benchmark)\n\n7.24 [extra724] Check if ACM certificates have Certificate Transparency logging enabled (Not Scored) (Not part of CIS benchmark)\n\n7.25 [extra725] Check if S3 buckets have Object-level logging enabled in CloudTrail (Not Scored) (Not part of CIS benchmark)\n\n7.26 [extra726] Check Trusted Advisor for errors and warnings (Not Scored) (Not part of CIS benchmark)\n\n7.27 [extra727] Check if SQS queues have policy set as Public (Not Scored) (Not part of CIS benchmark)\n\n7.28 [extra728] Check if SQS queues have Server Side Encryption enabled (Not Scored) (Not part of CIS benchmark)\n\n7.29 [extra729] Ensure there are no EBS Volumes unencrypted (Not Scored) (Not part of CIS benchmark)\n\n7.30 [extra730] Check if ACM Certificates are about to expire in 7 days or less (Not Scored) (Not part of CIS benchmark)\n\n7.31 [extra731] Check if SNS topics have policy set as Public (Not Scored) (Not part of CIS benchmark)\n\n7.32 [extra732] Check if Geo restrictions are enabled in CloudFront distributions (Not Scored) (Not part of CIS benchmark)\n\n7.33 [extra733] Check if there are SAML Providers then STS can be used (Not Scored) (Not part of CIS benchmark)\n\n7.34 [extra734] Check if S3 buckets have default encryption (SSE) enabled or use a bucket policy to enforce it (Not Scored) (Not part of CIS benchmark)\n\n7.35 [extra735] Check if RDS instances storage is encrypted (Not Scored) (Not part of CIS benchmark)\n\n7.36 [extra736] Check exposed KMS keys (Not Scored) (Not part of CIS benchmark)\n\n7.37 [extra737] Check KMS keys with key rotation disabled (Not Scored) (Not part of CIS benchmark)\n\n7.38 [extra738] Check if CloudFront distributions are set to HTTPS (Not Scored) (Not part of CIS benchmark)\n\n7.39 [extra739] Check if RDS instances have backup enabled (Not Scored) (Not part of CIS benchmark)\n\n7.40 [extra740] Check if EBS snapshots are encrypted (Not Scored) (Not part of CIS benchmark)\n\n7.41 [extra741] Find secrets in EC2 User Data (Not Scored) (Not part of CIS benchmark)\n\n7.42 [extra742] Find secrets in CloudFormation outputs (Not Scored) (Not part of CIS benchmark)\n\n7.43 [extra743] Check if API Gateway has client certificate enabled to access your backend endpoint (Not Scored) (Not part of CIS benchmark)\n\n7.44 [extra744] Check if API Gateway has a WAF ACL attached (Not Scored) (Not part of CIS benchmark)\n\n7.45 [extra745] Check if API Gateway endpoint is public or private (Not Scored) (Not part of CIS benchmark)\n\n7.46 [extra746] Check if API Gateway has configured authorizers (Not Scored) (Not part of CIS benchmark)\n\n7.47 [extra747] Check if RDS instances is integrated with CloudWatch Logs  (Not Scored) (Not part of CIS benchmark)\n\n7.48 [extra748] Ensure no security groups allow ingress from 0.0.0.0/0 or ::/0 to any port (Not Scored) (Not part of CIS benchmark)\n\n7.49 [extra749] Ensure no security groups allow ingress from 0.0.0.0/0 or ::/0 to Oracle ports 1521 or 2483 (Not Scored) (Not part of CIS benchmark)\n\n7.50 [extra750] Ensure no security groups allow ingress from 0.0.0.0/0 or ::/0 to MySQL port 3306 (Not Scored) (Not part of CIS benchmark)\n\n7.51 [extra751] Ensure no security groups allow ingress from 0.0.0.0/0 or ::/0 to Postgres port 5432 (Not Scored) (Not part of CIS benchmark)\n\n7.52 [extra752] Ensure no security groups allow ingress from 0.0.0.0/0 or ::/0 to Redis port 6379 (Not Scored) (Not part of CIS benchmark)\n\n7.53 [extra753] Ensure no security groups allow ingress from 0.0.0.0/0 or ::/0 to MongoDB ports 27017 and 27018 (Not Scored) (Not part of CIS benchmark)\n\n7.54 [extra754] Ensure no security groups allow ingress from 0.0.0.0/0 or ::/0 to Cassandra ports 7199 or 9160 or 8888 (Not Scored) (Not part of CIS benchmark)\n\n7.55 [extra755] Ensure no security groups allow ingress from 0.0.0.0/0 or ::/0 to Memcached port 11211 (Not Scored) (Not part of CIS benchmark)\n\n7.56 [extra756] Check if Redshift cluster is Public Accessible (Not Scored) (Not part of CIS benchmark)\n\n7.57 [extra757] Check EC2 Instances older than 6 months (Not Scored) (Not part of CIS benchmark)\n\n7.58 [extra758] Check EC2 Instances older than 12 months (Not Scored) (Not part of CIS benchmark)\n\n7.61 [extra761] Check if EBS Default Encryption is activated (Not Scored) (Not part of CIS benchmark)\n\n7.62 [extra762] Find obsolete Lambda runtimes (Not Scored) (Not part of CIS benchmark)\n\n7.63 [extra763] Check if S3 buckets have object versioning enabled (Not Scored) (Not part of CIS benchmark)\n\n7.64 [extra764] Check if S3 buckets have secure transport policy (Not Scored) (Not part of CIS benchmark)\n\n7.65 [extra765] Check if ECR image scan on push is enabled (Not Scored) (Not part of CIS benchmark)\n\n7.67 [extra767] Check if CloudFront distributions have Field Level Encryption enabled (Not Scored) (Not part of CIS benchmark)\n\n7.68 [extra768] Find secrets in ECS task definitions variables (Not Scored) (Not part of CIS benchmark)\n\n7.69 [extra769] Check if IAM Access Analyzer is enabled and its findings (Not Scored) (Not part of CIS benchmark)\n\n7.70 [extra770] Check for internet facing EC2 instances with Instance Profiles attached (Not Scored) (Not part of CIS benchmark)\n\n7.71 [extra771] Check if S3 buckets have policies which allow WRITE access (Not Scored) (Not part of CIS benchmark)\n\n7.72 [extra772] Check if elastic IPs are unused (Not Scored) (Not part of CIS benchmark)\n\n7.73 [extra773] Check if CloudFront distributions are using WAF (Not Scored) (Not part of CIS benchmark)\n\n7.74 [extra774] Ensure credentials unused for 30 days or greater are disabled\n\n7.75 [extra775] Find secrets in EC2 Auto Scaling Launch Configuration (Not Scored) (Not part of CIS benchmark)\n\n7.76 [extra776] Check if ECR image scan found vulnerabilities in the newest image version (Not Scored) (Not part of CIS benchmark)\n\n7.77 [extra777] Find VPC security groups with many ingress or egress rules (Not Scored) (Not part of CIS benchmark)\n\n7.78 [extra778] Find VPC security groups with wide-open public IPv4 CIDR ranges (non-RFC1918) (Not Scored) (Not part of CIS benchmark)\n\n7.79 [extra779] Ensure no security groups allow ingress from 0.0.0.0/0 or ::/0 to Elasticsearch/Kibana ports\n\n7.80 [extra780] Check if Amazon Elasticsearch Service (ES) domains has Amazon Cognito authentication for Kibana enabled\n\n7.81 [extra781] Check if Amazon Elasticsearch Service (ES) domains has encryption at-rest enabled\n\n7.82 [extra782] Check if Amazon Elasticsearch Service (ES) domains has node-to-node encryption enabled\n\n7.83 [extra783] Check if Amazon Elasticsearch Service (ES) domains has enforce HTTPS enabled\n\n7.84 [extra784] Check if Amazon Elasticsearch Service (ES) domains internal user database enabled\n\n7.85 [extra785] Check if Amazon Elasticsearch Service (ES) domains have updates available\n\n7.86 [extra786] Check if EC2 Instance Metadata Service Version 2 (IMDSv2) is Enabled and Required (Not Scored) (Not part of CIS benchmark)\n\n7.87 [extra787] Check connection and authentication for Internet exposed Elasticsearch/Kibana ports\n\n7.88 [extra788] Check connection and authentication for Internet exposed Amazon Elasticsearch Service (ES) domains\n\n7.91 [extra791] Check if CloudFront distributions are using deprecated SSL protocols\n\n7.92 [extra792] Check if Elastic Load Balancers have insecure SSL ciphers (Not Scored) (Not part of CIS benchmark)\n\n7.93 [extra793] Check if Elastic Load Balancers have SSL listeners (Not Scored) (Not part of CIS benchmark)\n\n7.94 [extra794] Ensure EKS Control Plane Audit Logging is enabled for all log types\n\n7.95 [extra795] Ensure EKS Clusters are created with Private Endpoint Enabled and Public Access Disabled\n\n7.96 [extra796] Restrict Access to the EKS Control Plane Endpoint\n\n7.97 [extra797] Ensure Kubernetes Secrets are encrypted using Customer Master Keys (CMKs)\n\n7.98 [extra798] Check if Lambda functions have resource-based policy set as Public\n\n7.99 [extra799] Check if Security Hub is enabled and its standard subscriptions\n\n7.100 [extra7100] Ensure that no custom IAM policies exist which allow permissive role assumption (e.g. sts:AssumeRole on *)\n\n7.101 [extra7101] Check if Amazon Elasticsearch Service (ES) domains have audit logging enabled\n\n7.102 [extra7102] Check if any of the Elastic or Public IP are in Shodan (requires Shodan API KEY)\n\n7.103 [extra7103] Check if Amazon SageMaker Notebook instances have root access disabled\n\n7.104 [extra7104] Check if Amazon SageMaker Notebook instances have VPC settings configured\n\n7.105 [extra7105] Check if Amazon SageMaker Models have network isolation enabled\n\n7.106 [extra7106] Check if Amazon SageMaker Models have VPC settings configured\n\n7.107 [extra7107] Check if Amazon SageMaker Training jobs have intercontainer encryption enabled\n\n7.108 [extra7108] Check if Amazon SageMaker Training jobs have volume and output with KMS encryption enabled\n\n7.109 [extra7109] Check if Amazon SageMaker Training jobs have network isolation enabled\n\n7.110 [extra7110] Check if Amazon SageMaker Training job have VPC settings configured.\n\n7.111 [extra7111] Check if Amazon SageMaker Notebook instances have direct internet access\n\n7.112 [extra7112] Check if Amazon SageMaker Notebook instances have data encryption enabled\n\n7.113 [extra7113] Check if RDS instances have deletion protection enabled (Not Scored) (Not part of CIS benchmark)\n\n7.114 [extra7114] Check if Glue development endpoints have S3 encryption enabled.\n\n7.115 [extra7115] Check if Glue database connection has SSL connection enabled.\n\n7.116 [extra7116] Check if Glue data catalog settings have metadata encryption enabled.\n\n7.117 [extra7117] Check if Glue data catalog settings have encrypt connection password enabled.\n\n7.118 [extra7118] Check if Glue ETL Jobs have S3 encryption enabled.\n\n7.119 [extra7119] Check if Glue development endpoints have CloudWatch logs encryption enabled.\n\n7.120 [extra7120] Check if Glue ETL Jobs have CloudWatch Logs encryption enabled.\n\n7.121 [extra7121] Check if Glue development endpoints have Job bookmark encryption enabled.\n\n7.122 [extra7122] Check if Glue ETL Jobs have Job bookmark encryption enabled.\n\n7.123 [extra7123] Check if IAM users have two active access keys\n\n7.124 [extra7124] Check if EC2 instances are managed by Systems Manager.\n\n7.125 [extra7125] Check if IAM users have Hardware MFA enabled.\n\n7.126 [extra7126] Check if there are CMK KMS keys not used\n\n7.127 [extra7127] Check if EC2 instances managed by Systems Manager are compliant with patching requirements\n\n7.128 [extra7128] Check if DynamoDB table has encryption at rest enabled using CMK KMS\n\n7.129 [extra7129] Check if Application Load Balancer has a WAF ACL attached\n\n7.130 [extra7130] Ensure there are no SNS Topics unencrypted\n\n7.131 [extra7131] Ensure RDS instances have minor version upgrade enabled\n\n7.132 [extra7132] Check if RDS instances has enhanced monitoring enabled\n\n7.133 [extra7133] Check if RDS instances have multi-AZ enabled', '[{\"key\":\"group\",\"name\":\"扫描分组\",\"defaultValue\":\"extras\",\"required\":true}]', 'fit2cloud-aws-plugin', 'AWS 亚马逊云', 'aws.png', concat(unix_timestamp(now()), '017'), 1, 'prowler');
INSERT INTO `rule` (`id`, `name`, `status`, `severity`, `description`, `script`, `parameter`, `plugin_id`, `plugin_name`, `plugin_icon`, `last_modified`, `flag`, `scan_type`) VALUES ('350a097a-dfeb-4fd0-a3af-49049da5c025', 'AWS 8.0 Forensics Readiness', 1, 'HighRisk', 'AWS 8.0 Forensics Readiness - [forensics-ready]', '8.0 Forensics Readiness - [forensics-ready] ************************\n\n2.1  [check21] Ensure CloudTrail is enabled in all regions (Scored)\n\n2.2  [check22] Ensure CloudTrail log file validation is enabled (Scored)\n\n2.3  [check23] Ensure the S3 bucket CloudTrail logs to is not publicly accessible (Scored)\n\n2.4  [check24] Ensure CloudTrail trails are integrated with CloudWatch Logs (Scored)\n\n2.5  [check25] Ensure AWS Config is enabled in all regions (Scored)\n\n2.6  [check26] Ensure S3 bucket access logging is enabled on the CloudTrail S3 bucket (Scored)\n\n2.7  [check27] Ensure CloudTrail logs are encrypted at rest using KMS CMKs (Scored)\n\n2.9  [check29] Ensure VPC Flow Logging is Enabled in all VPCs (Scored)\n\n7.12 [extra712] Check if Amazon Macie is enabled (Not Scored) (Not part of CIS benchmark)\n\n7.13 [extra713] Check if GuardDuty is enabled (Not Scored) (Not part of CIS benchmark)\n\n7.14 [extra714] Check if CloudFront distributions have logging enabled (Not Scored) (Not part of CIS benchmark)\n\n7.15 [extra715] Check if Amazon Elasticsearch Service (ES) domains have logging enabled\n\n7.17 [extra717] Check if Elastic Load Balancers have logging enabled (Not Scored) (Not part of CIS benchmark)\n\n7.18 [extra718] Check if S3 buckets have server access logging enabled (Not Scored) (Not part of CIS benchmark)\n\n7.19 [extra719] Check if Route53 public hosted zones are logging queries to CloudWatch Logs (Not Scored) (Not part of CIS benchmark)\n\n7.20 [extra720] Check if Lambda functions invoke API operations are being recorded by CloudTrail (Not Scored) (Not part of CIS benchmark)\n\n7.21 [extra721] Check if Redshift cluster has audit logging enabled (Not Scored) (Not part of CIS benchmark)\n\n7.22 [extra722] Check if API Gateway has logging enabled (Not Scored) (Not part of CIS benchmark)\n\n7.25 [extra725] Check if S3 buckets have Object-level logging enabled in CloudTrail (Not Scored) (Not part of CIS benchmark)\n\n7.101 [extra7101] Check if Amazon Elasticsearch Service (ES) domains have audit logging enabled\n\n7.94 [extra794] Ensure EKS Control Plane Audit Logging is enabled for all log types', '[{\"key\":\"group\",\"name\":\"扫描分组\",\"defaultValue\":\"forensics-ready\",\"required\":true}]', 'fit2cloud-aws-plugin', 'AWS 亚马逊云', 'aws.png', concat(unix_timestamp(now()), '018'), 1, 'prowler');
INSERT INTO `rule` (`id`, `name`, `status`, `severity`, `description`, `script`, `parameter`, `plugin_id`, `plugin_name`, `plugin_icon`, `last_modified`, `flag`, `scan_type`) VALUES ('fa60960a-0e38-4502-9834-1ab1277e9aaa', 'AWS 9.0 GDPR Readiness', 1, 'HighRisk', 'AWS 9.0 GDPR Readiness - ONLY AS REFERENCE - [gdpr]', '9.0 GDPR Readiness - ONLY AS REFERENCE - [gdpr] ********************\n\n7.18 [extra718] Check if S3 buckets have server access logging enabled (Not Scored) (Not part of CIS benchmark)\n\n7.25 [extra725] Check if S3 buckets have Object-level logging enabled in CloudTrail (Not Scored) (Not part of CIS benchmark)\n\n7.27 [extra727] Check if SQS queues have policy set as Public (Not Scored) (Not part of CIS benchmark)\n\n1.2  [check12] Ensure multi-factor authentication (MFA) is enabled for all IAM users that have a console password (Scored)\n\n1.13  [check113] Ensure MFA is enabled for the root account (Scored)\n\n1.14  [check114] Ensure hardware MFA is enabled for the root account (Scored)\n\n7.1 [extra71] Ensure users of groups with AdministratorAccess policy have MFA tokens enabled (Not Scored) (Not part of CIS benchmark)\n\n7.31 [extra731] Check if SNS topics have policy set as Public (Not Scored) (Not part of CIS benchmark)\n\n7.32 [extra732] Check if Geo restrictions are enabled in CloudFront distributions (Not Scored) (Not part of CIS benchmark)\n\n7.33 [extra733] Check if there are SAML Providers then STS can be used (Not Scored) (Not part of CIS benchmark)\n\n2.5  [check25] Ensure AWS Config is enabled in all regions (Scored)\n\n3.9  [check39] Ensure a log metric filter and alarm exist for AWS Config configuration changes (Scored)\n\n2.1  [check21] Ensure CloudTrail is enabled in all regions (Scored)\n\n2.2  [check22] Ensure CloudTrail log file validation is enabled (Scored)\n\n2.3  [check23] Ensure the S3 bucket CloudTrail logs to is not publicly accessible (Scored)\n\n2.4  [check24] Ensure CloudTrail trails are integrated with CloudWatch Logs (Scored)\n\n2.6  [check26] Ensure S3 bucket access logging is enabled on the CloudTrail S3 bucket (Scored)\n\n2.7  [check27] Ensure CloudTrail logs are encrypted at rest using KMS CMKs (Scored)\n\n3.5  [check35] Ensure a log metric filter and alarm exist for CloudTrail configuration changes (Scored)\n\n7.26 [extra726] Check Trusted Advisor for errors and warnings (Not Scored) (Not part of CIS benchmark)\n\n7.14 [extra714] Check if CloudFront distributions have logging enabled (Not Scored) (Not part of CIS benchmark)\n\n7.15 [extra715] Check if Amazon Elasticsearch Service (ES) domains have logging enabled\n\n7.17 [extra717] Check if Elastic Load Balancers have logging enabled (Not Scored) (Not part of CIS benchmark)\n\n7.19 [extra719] Check if Route53 public hosted zones are logging queries to CloudWatch Logs (Not Scored) (Not part of CIS benchmark)\n\n7.20 [extra720] Check if Lambda functions invoke API operations are being recorded by CloudTrail (Not Scored) (Not part of CIS benchmark)\n\n7.21 [extra721] Check if Redshift cluster has audit logging enabled (Not Scored) (Not part of CIS benchmark)\n\n7.22 [extra722] Check if API Gateway has logging enabled (Not Scored) (Not part of CIS benchmark)\n\n4.3  [check43] Ensure the default security group of every VPC restricts all traffic (Scored)\n\n2.5  [check25] Ensure AWS Config is enabled in all regions (Scored)\n\n7.14 [extra714] Check if CloudFront distributions have logging enabled (Not Scored) (Not part of CIS benchmark)\n\n7.29 [extra729] Ensure there are no EBS Volumes unencrypted (Not Scored) (Not part of CIS benchmark)\n\n7.34 [extra734] Check if S3 buckets have default encryption (SSE) enabled or use a bucket policy to enforce it (Not Scored) (Not part of CIS benchmark)\n\n7.35 [extra735] Check if RDS instances storage is encrypted (Not Scored) (Not part of CIS benchmark)\n\n7.36 [extra736] Check exposed KMS keys (Not Scored) (Not part of CIS benchmark)\n\n7.38 [extra738] Check if CloudFront distributions are set to HTTPS (Not Scored) (Not part of CIS benchmark)\n\n7.40 [extra740] Check if EBS snapshots are encrypted (Not Scored) (Not part of CIS benchmark)\n\n7.61 [extra761] Check if EBS Default Encryption is activated (Not Scored) (Not part of CIS benchmark)\n\n1.1  [check11] Avoid the use of the root account (Scored)\n\n1.10  [check110] Ensure IAM password policy prevents password reuse: 24 or greater (Scored)\n\n1.11  [check111] Ensure IAM password policy expires passwords within 90 days or less (Scored)\n\n1.12  [check112] Ensure no root account access key exists (Scored)\n\n1.16  [check116] Ensure IAM policies are attached only to groups or roles (Scored)\n\n1.20  [check120] Ensure a support role has been created to manage incidents with AWS Support (Scored)\n\n1.22  [check122] Ensure IAM policies that allow full \"*:*\" administrative privileges are not created (Scored)\n\n1.3  [check13] Ensure credentials unused for 90 days or greater are disabled (Scored)\n\n1.4  [check14] Ensure access keys are rotated every 90 days or less (Scored)\n\n1.5  [check15] Ensure IAM password policy requires at least one uppercase letter (Scored)\n\n1.6  [check16] Ensure IAM password policy require at least one lowercase letter (Scored)\n\n1.7  [check17] Ensure IAM password policy require at least one symbol (Scored)\n\n1.8  [check18] Ensure IAM password policy require at least one number (Scored)\n\n1.9  [check19] Ensure IAM password policy requires minimum length of 14 or greater (Scored)\n\n2.8  [check28] Ensure rotation for customer created KMS CMKs is enabled (Scored)\n\n2.9  [check29] Ensure VPC Flow Logging is Enabled in all VPCs (Scored)\n\n3.1  [check31] Ensure a log metric filter and alarm exist for unauthorized API calls (Scored)\n\n3.10  [check310] Ensure a log metric filter and alarm exist for security group changes (Scored)\n\n3.11  [check311] Ensure a log metric filter and alarm exist for changes to Network Access Control Lists (NACL) (Scored)\n\n3.12  [check312] Ensure a log metric filter and alarm exist for changes to network gateways (Scored)\n\n3.13  [check313] Ensure a log metric filter and alarm exist for route table changes (Scored)\n\n3.14  [check314] Ensure a log metric filter and alarm exist for VPC changes (Scored)\n\n3.2  [check32] Ensure a log metric filter and alarm exist for Management Console sign-in without MFA (Scored)\n\n3.3  [check33] Ensure a log metric filter and alarm exist for usage of root account (Scored)\n\n3.4  [check34] Ensure a log metric filter and alarm exist for IAM policy changes (Scored)\n\n3.6  [check36] Ensure a log metric filter and alarm exist for AWS Management Console authentication failures (Scored)\n\n3.7  [check37] Ensure a log metric filter and alarm exist for disabling or scheduled deletion of customer created KMS CMKs (Scored)\n\n3.8  [check38] Ensure a log metric filter and alarm exist for S3 bucket policy changes (Scored)\n\n4.1  [check41] Ensure no security groups allow ingress from 0.0.0.0/0 or ::/0 to port 22 (Scored)\n\n4.2  [check42] Ensure no security groups allow ingress from 0.0.0.0/0 or ::/0 to port 3389 (Scored)\n\n7.11 [extra711] Check for Publicly Accessible Redshift Clusters (Not Scored) (Not part of CIS benchmark)\n\n7.2 [extra72] Ensure there are no EBS Snapshots set as Public (Not Scored) (Not part of CIS benchmark)\n\n7.23 [extra723] Check if RDS Snapshots and Cluster Snapshots are public (Not Scored) (Not part of CIS benchmark)\n\n7.30 [extra730] Check if ACM Certificates are about to expire in 7 days or less (Not Scored) (Not part of CIS benchmark)\n\n7.39 [extra739] Check if RDS instances have backup enabled (Not Scored) (Not part of CIS benchmark)\n\n7.6 [extra76] Ensure there are no EC2 AMIs set as Public (Not Scored) (Not part of CIS benchmark)\n\n7.63 [extra763] Check if S3 buckets have object versioning enabled (Not Scored) (Not part of CIS benchmark)\n\n7.78 [extra778] Find VPC security groups with wide-open public IPv4 CIDR ranges (non-RFC1918) (Not Scored) (Not part of CIS benchmark)\n\n7.8 [extra78] Ensure there are no Public Accessible RDS instances (Not Scored) (Not part of CIS benchmark)\n\n7.92 [extra792] Check if Elastic Load Balancers have insecure SSL ciphers (Not Scored) (Not part of CIS benchmark)\n\n7.98 [extra798] Check if Lambda functions have resource-based policy set as Public', '[{\"key\":\"group\",\"name\":\"扫描分组\",\"defaultValue\":\"gdpr\",\"required\":true}]', 'fit2cloud-aws-plugin', 'AWS 亚马逊云', 'aws.png', concat(unix_timestamp(now()), '019'), 1, 'prowler');
INSERT INTO `rule` (`id`, `name`, `status`, `severity`, `description`, `script`, `parameter`, `plugin_id`, `plugin_name`, `plugin_icon`, `last_modified`, `flag`, `scan_type`) VALUES ('39c87069-a3c6-4ab3-9974-f844a89872b5', 'AWS 10.0 HIPAA Compliance', 1, 'HighRisk', 'AWS 10.0 HIPAA Compliance - ONLY AS REFERENCE - [hipaa]', '10.0 HIPAA Compliance - ONLY AS REFERENCE - [hipaa] ****************\n\n1.2  [check12] Ensure multi-factor authentication (MFA) is enabled for all IAM users that have a console password (Scored)\n\n1.13  [check113] Ensure MFA is enabled for the root account (Scored)\n\n2.3  [check23] Ensure the S3 bucket CloudTrail logs to is not publicly accessible (Scored)\n\n2.6  [check26] Ensure S3 bucket access logging is enabled on the CloudTrail S3 bucket (Scored)\n\n2.7  [check27] Ensure CloudTrail logs are encrypted at rest using KMS CMKs (Scored)\n\n2.9  [check29] Ensure VPC Flow Logging is Enabled in all VPCs (Scored)\n\n7.18 [extra718] Check if S3 buckets have server access logging enabled (Not Scored) (Not part of CIS benchmark)\n\n7.25 [extra725] Check if S3 buckets have Object-level logging enabled in CloudTrail (Not Scored) (Not part of CIS benchmark)\n\n7.2 [extra72] Ensure there are no EBS Snapshots set as Public (Not Scored) (Not part of CIS benchmark)\n\n7.5 [extra75] Ensure there are no Security Groups not being used (Not Scored) (Not part of CIS benchmark)\n\n7.17 [extra717] Check if Elastic Load Balancers have logging enabled (Not Scored) (Not part of CIS benchmark)\n\n7.29 [extra729] Ensure there are no EBS Volumes unencrypted (Not Scored) (Not part of CIS benchmark)\n\n7.34 [extra734] Check if S3 buckets have default encryption (SSE) enabled or use a bucket policy to enforce it (Not Scored) (Not part of CIS benchmark)\n\n3.8  [check38] Ensure a log metric filter and alarm exist for S3 bucket policy changes (Scored)\n\n7.3 [extra73] Ensure there are no S3 buckets open to Everyone or Any AWS user (Not Scored) (Not part of CIS benchmark)\n\n7.40 [extra740] Check if EBS snapshots are encrypted (Not Scored) (Not part of CIS benchmark)\n\n7.35 [extra735] Check if RDS instances storage is encrypted (Not Scored) (Not part of CIS benchmark)\n\n1.12  [check112] Ensure no root account access key exists (Scored)\n\n1.3  [check13] Ensure credentials unused for 90 days or greater are disabled (Scored)\n\n1.5  [check15] Ensure IAM password policy requires at least one uppercase letter (Scored)\n\n1.6  [check16] Ensure IAM password policy require at least one lowercase letter (Scored)\n\n1.7  [check17] Ensure IAM password policy require at least one symbol (Scored)\n\n1.8  [check18] Ensure IAM password policy require at least one number (Scored)\n\n1.9  [check19] Ensure IAM password policy requires minimum length of 14 or greater (Scored)\n\n2.1  [check21] Ensure CloudTrail is enabled in all regions (Scored)\n\n2.4  [check24] Ensure CloudTrail trails are integrated with CloudWatch Logs (Scored)\n\n2.8  [check28] Ensure rotation for customer created KMS CMKs is enabled (Scored)\n\n3.1  [check31] Ensure a log metric filter and alarm exist for unauthorized API calls (Scored)\n\n3.10  [check310] Ensure a log metric filter and alarm exist for security group changes (Scored)\n\n3.11  [check311] Ensure a log metric filter and alarm exist for changes to Network Access Control Lists (NACL) (Scored)\n\n3.12  [check312] Ensure a log metric filter and alarm exist for changes to network gateways (Scored)\n\n3.13  [check313] Ensure a log metric filter and alarm exist for route table changes (Scored)\n\n3.14  [check314] Ensure a log metric filter and alarm exist for VPC changes (Scored)\n\n3.2  [check32] Ensure a log metric filter and alarm exist for Management Console sign-in without MFA (Scored)\n\n3.3  [check33] Ensure a log metric filter and alarm exist for usage of root account (Scored)\n\n3.4  [check34] Ensure a log metric filter and alarm exist for IAM policy changes (Scored)\n\n3.5  [check35] Ensure a log metric filter and alarm exist for CloudTrail configuration changes (Scored)\n\n3.6  [check36] Ensure a log metric filter and alarm exist for AWS Management Console authentication failures (Scored)\n\n3.7  [check37] Ensure a log metric filter and alarm exist for disabling or scheduled deletion of customer created KMS CMKs (Scored)\n\n3.9  [check39] Ensure a log metric filter and alarm exist for AWS Config configuration changes (Scored)\n\n7.92 [extra792] Check if Elastic Load Balancers have insecure SSL ciphers (Not Scored) (Not part of CIS benchmark)', '[{\"key\":\"group\",\"name\":\"扫描分组\",\"defaultValue\":\"hipaa\",\"required\":true}]', 'fit2cloud-aws-plugin', 'AWS 亚马逊云', 'aws.png', concat(unix_timestamp(now()), '020'), 1, 'prowler');
INSERT INTO `rule` (`id`, `name`, `status`, `severity`, `description`, `script`, `parameter`, `plugin_id`, `plugin_name`, `plugin_icon`, `last_modified`, `flag`, `scan_type`) VALUES ('10754933-241e-42db-bb3c-42e13cb40b0f', 'AWS 11.0 Look for keys secrets or passwords', 1, 'HighRisk', 'AWS 11.0 Look for keys secrets or passwords around resources - [secrets]', '11.0 Look for keys secrets or passwords around resources - [secrets]\n\n7.41 [extra741] Find secrets in EC2 User Data (Not Scored) (Not part of CIS benchmark)\n\n7.42 [extra742] Find secrets in CloudFormation outputs (Not Scored) (Not part of CIS benchmark)\n\n7.59 [extra759] Find secrets in Lambda functions variables (Not Scored) (Not part of CIS benchmark)\n\n7.60 [extra760] Find secrets in Lambda functions code (Not Scored) (Not part of CIS benchmark)\n\n7.68 [extra768] Find secrets in ECS task definitions variables (Not Scored) (Not part of CIS benchmark)\n\n7.75 [extra775] Find secrets in EC2 Auto Scaling Launch Configuration (Not Scored) (Not part of CIS benchmark)', '[{\"key\":\"group\",\"name\":\"扫描分组\",\"defaultValue\":\"secrets\",\"required\":true}]', 'fit2cloud-aws-plugin', 'AWS 亚马逊云', 'aws.png', concat(unix_timestamp(now()), '021'), 1, 'prowler');
INSERT INTO `rule` (`id`, `name`, `status`, `severity`, `description`, `script`, `parameter`, `plugin_id`, `plugin_name`, `plugin_icon`, `last_modified`, `flag`, `scan_type`) VALUES ('7c37887f-0b8d-444c-bad7-e43cd2b41578', 'AWS 12.0 API Gateway security checks', 1, 'HighRisk', 'AWS 12.0 API Gateway security checks - [apigateway]', '12.0 API Gateway security checks - [apigateway] ********************\n\n7.22 [extra722] Check if API Gateway has logging enabled (Not Scored) (Not part of CIS benchmark)\n\n7.43 [extra743] Check if API Gateway has client certificate enabled to access your backend endpoint (Not Scored) (Not part of CIS benchmark)\n\n7.44 [extra744] Check if API Gateway has a WAF ACL attached (Not Scored) (Not part of CIS benchmark)\n\n7.45 [extra745] Check if API Gateway endpoint is public or private (Not Scored) (Not part of CIS benchmark)\n\n7.46 [extra746] Check if API Gateway has configured authorizers (Not Scored) (Not part of CIS benchmark)', '[{\"key\":\"group\",\"name\":\"扫描分组\",\"defaultValue\":\"apigateway\",\"required\":true}]', 'fit2cloud-aws-plugin', 'AWS 亚马逊云', 'aws.png', concat(unix_timestamp(now()), '022'), 1, 'prowler');
INSERT INTO `rule` (`id`, `name`, `status`, `severity`, `description`, `script`, `parameter`, `plugin_id`, `plugin_name`, `plugin_icon`, `last_modified`, `flag`, `scan_type`) VALUES ('197e41e7-cbc3-4eef-b5ad-5153c9232449', 'AWS 13.0 RDS security checks', 1, 'HighRisk', 'AWS 13.0 RDS security checks - [rds]', '13.0 RDS security checks - [rds] ***********************************\n\n7.8 [extra78] Ensure there are no Public Accessible RDS instances (Not Scored) (Not part of CIS benchmark)\n\n7.23 [extra723] Check if RDS Snapshots and Cluster Snapshots are public (Not Scored) (Not part of CIS benchmark)\n\n7.35 [extra735] Check if RDS instances storage is encrypted (Not Scored) (Not part of CIS benchmark)\n\n7.39 [extra739] Check if RDS instances have backup enabled (Not Scored) (Not part of CIS benchmark)\n\n7.47 [extra747] Check if RDS instances is integrated with CloudWatch Logs  (Not Scored) (Not part of CIS benchmark)\n\n7.113 [extra7113] Check if RDS instances have deletion protection enabled (Not Scored) (Not part of CIS benchmark)\n\n7.131 [extra7131] Ensure RDS instances have minor version upgrade enabled\n\n7.132 [extra7132] Check if RDS instances has enhanced monitoring enabled\n\n7.133 [extra7133] Check if RDS instances have multi-AZ enabled', '[{\"key\":\"group\",\"name\":\"扫描分组\",\"defaultValue\":\"rds\",\"required\":true}]', 'fit2cloud-aws-plugin', 'AWS 亚马逊云', 'aws.png', concat(unix_timestamp(now()), '0232'), 1, 'prowler');
INSERT INTO `rule` (`id`, `name`, `status`, `severity`, `description`, `script`, `parameter`, `plugin_id`, `plugin_name`, `plugin_icon`, `last_modified`, `flag`, `scan_type`) VALUES ('4a64e90e-92ea-4d5a-a753-3c5ca92a2b95', 'AWS 14.0 Elasticsearch related security checks', 1, 'HighRisk', 'AWS 14.0 Elasticsearch related security checks - [elasticsearch]', '14.0 Elasticsearch related security checks - [elasticsearch] *******\n\n7.15 [extra715] Check if Amazon Elasticsearch Service (ES) domains have logging enabled\n\n7.16 [extra716] Check if Amazon Elasticsearch Service (ES) domains are set as Public or if it has open policy access\n\n7.79 [extra779] Ensure no security groups allow ingress from 0.0.0.0/0 or ::/0 to Elasticsearch/Kibana ports\n\n7.80 [extra780] Check if Amazon Elasticsearch Service (ES) domains has Amazon Cognito authentication for Kibana enabled\n\n7.81 [extra781] Check if Amazon Elasticsearch Service (ES) domains has encryption at-rest enabled\n\n7.82 [extra782] Check if Amazon Elasticsearch Service (ES) domains has node-to-node encryption enabled\n\n7.83 [extra783] Check if Amazon Elasticsearch Service (ES) domains has enforce HTTPS enabled\n\n7.84 [extra784] Check if Amazon Elasticsearch Service (ES) domains internal user database enabled\n\n7.85 [extra785] Check if Amazon Elasticsearch Service (ES) domains have updates available\n\n7.87 [extra787] Check connection and authentication for Internet exposed Elasticsearch/Kibana ports\n\n7.88 [extra788] Check connection and authentication for Internet exposed Amazon Elasticsearch Service (ES) domains\n\n7.101 [extra7101] Check if Amazon Elasticsearch Service (ES) domains have audit logging enabled', '[{\"key\":\"group\",\"name\":\"扫描分组\",\"defaultValue\":\"elasticsearch\",\"required\":true}]', 'fit2cloud-aws-plugin', 'AWS 亚马逊云', 'aws.png', concat(unix_timestamp(now()), '024'), 1, 'prowler');
INSERT INTO `rule` (`id`, `name`, `status`, `severity`, `description`, `script`, `parameter`, `plugin_id`, `plugin_name`, `plugin_icon`, `last_modified`, `flag`, `scan_type`) VALUES ('72af2230-8555-4e0c-a06a-721436a0644e', 'AWS 15.0 PCI-DSS v3.2.1 Readiness', 1, 'HighRisk', 'AWS 15.0 PCI-DSS v3.2.1 Readiness - ONLY AS REFERENCE - [pci]', '15.0 PCI-DSS v3.2.1 Readiness - ONLY AS REFERENCE - [pci] **********\n\n1.1  [check11] Avoid the use of the root account (Scored)\n\n1.2  [check12] Ensure multi-factor authentication (MFA) is enabled for all IAM users that have a console password (Scored)\n\n1.3  [check13] Ensure credentials unused for 90 days or greater are disabled (Scored)\n\n1.4  [check14] Ensure access keys are rotated every 90 days or less (Scored)\n\n1.5  [check15] Ensure IAM password policy requires at least one uppercase letter (Scored)\n\n1.6  [check16] Ensure IAM password policy require at least one lowercase letter (Scored)\n\n1.7  [check17] Ensure IAM password policy require at least one symbol (Scored)\n\n1.8  [check18] Ensure IAM password policy require at least one number (Scored)\n\n1.9  [check19] Ensure IAM password policy requires minimum length of 14 or greater (Scored)\n\n1.10  [check110] Ensure IAM password policy prevents password reuse: 24 or greater (Scored)\n\n1.12  [check112] Ensure no root account access key exists (Scored)\n\n1.13  [check113] Ensure MFA is enabled for the root account (Scored)\n\n1.14  [check114] Ensure hardware MFA is enabled for the root account (Scored)\n\n1.16  [check116] Ensure IAM policies are attached only to groups or roles (Scored)\n\n2.1  [check21] Ensure CloudTrail is enabled in all regions (Scored)\n\n2.3  [check23] Ensure the S3 bucket CloudTrail logs to is not publicly accessible (Scored)\n\n2.5  [check25] Ensure AWS Config is enabled in all regions (Scored)\n\n2.6  [check26] Ensure S3 bucket access logging is enabled on the CloudTrail S3 bucket (Scored)\n\n2.7  [check27] Ensure CloudTrail logs are encrypted at rest using KMS CMKs (Scored)\n\n2.8  [check28] Ensure rotation for customer created KMS CMKs is enabled (Scored)\n\n2.9  [check29] Ensure VPC Flow Logging is Enabled in all VPCs (Scored)\n\n3.14  [check314] Ensure a log metric filter and alarm exist for VPC changes (Scored)\n\n3.6  [check36] Ensure a log metric filter and alarm exist for AWS Management Console authentication failures (Scored)\n\n3.8  [check38] Ensure a log metric filter and alarm exist for S3 bucket policy changes (Scored)\n\n4.3  [check43] Ensure the default security group of every VPC restricts all traffic (Scored)\n\n7.13 [extra713] Check if GuardDuty is enabled (Not Scored) (Not part of CIS benchmark)\n\n7.17 [extra717] Check if Elastic Load Balancers have logging enabled (Not Scored) (Not part of CIS benchmark)\n\n7.18 [extra718] Check if S3 buckets have server access logging enabled (Not Scored) (Not part of CIS benchmark)\n\n7.2 [extra72] Ensure there are no EBS Snapshots set as Public (Not Scored) (Not part of CIS benchmark)\n\n7.29 [extra729] Ensure there are no EBS Volumes unencrypted (Not Scored) (Not part of CIS benchmark)\n\n7.35 [extra735] Check if RDS instances storage is encrypted (Not Scored) (Not part of CIS benchmark)\n\n7.38 [extra738] Check if CloudFront distributions are set to HTTPS (Not Scored) (Not part of CIS benchmark)\n\n7.40 [extra740] Check if EBS snapshots are encrypted (Not Scored) (Not part of CIS benchmark)\n\n7.44 [extra744] Check if API Gateway has a WAF ACL attached (Not Scored) (Not part of CIS benchmark)\n\n7.48 [extra748] Ensure no security groups allow ingress from 0.0.0.0/0 or ::/0 to any port (Not Scored) (Not part of CIS benchmark)\n\n7.5 [extra75] Ensure there are no Security Groups not being used (Not Scored) (Not part of CIS benchmark)\n\n7.50 [extra750] Ensure no security groups allow ingress from 0.0.0.0/0 or ::/0 to MySQL port 3306 (Not Scored) (Not part of CIS benchmark)\n\n7.51 [extra751] Ensure no security groups allow ingress from 0.0.0.0/0 or ::/0 to Postgres port 5432 (Not Scored) (Not part of CIS benchmark)\n\n7.53 [extra753] Ensure no security groups allow ingress from 0.0.0.0/0 or ::/0 to MongoDB ports 27017 and 27018 (Not Scored) (Not part of CIS benchmark)\n\n7.54 [extra754] Ensure no security groups allow ingress from 0.0.0.0/0 or ::/0 to Cassandra ports 7199 or 9160 or 8888 (Not Scored) (Not part of CIS benchmark)\n\n7.55 [extra755] Ensure no security groups allow ingress from 0.0.0.0/0 or ::/0 to Memcached port 11211 (Not Scored) (Not part of CIS benchmark)\n\n7.56 [extra756] Check if Redshift cluster is Public Accessible (Not Scored) (Not part of CIS benchmark)\n\n7.73 [extra773] Check if CloudFront distributions are using WAF (Not Scored) (Not part of CIS benchmark)\n\n7.8 [extra78] Ensure there are no Public Accessible RDS instances (Not Scored) (Not part of CIS benchmark)\n\n7.80 [extra780] Check if Amazon Elasticsearch Service (ES) domains has Amazon Cognito authentication for Kibana enabled\n\n7.81 [extra781] Check if Amazon Elasticsearch Service (ES) domains has encryption at-rest enabled\n\n7.82 [extra782] Check if Amazon Elasticsearch Service (ES) domains has node-to-node encryption enabled\n\n7.83 [extra783] Check if Amazon Elasticsearch Service (ES) domains has enforce HTTPS enabled\n\n7.84 [extra784] Check if Amazon Elasticsearch Service (ES) domains internal user database enabled\n\n7.85 [extra785] Check if Amazon Elasticsearch Service (ES) domains have updates available\n\n7.87 [extra787] Check connection and authentication for Internet exposed Elasticsearch/Kibana ports\n\n7.88 [extra788] Check connection and authentication for Internet exposed Amazon Elasticsearch Service (ES) domains\n\n7.98 [extra798] Check if Lambda functions have resource-based policy set as Public', '[{\"key\":\"group\",\"name\":\"扫描分组\",\"defaultValue\":\"pci\",\"required\":true}]', 'fit2cloud-aws-plugin', 'AWS 亚马逊云', 'aws.png', concat(unix_timestamp(now()), '025'), 1, 'prowler');
INSERT INTO `rule` (`id`, `name`, `status`, `severity`, `description`, `script`, `parameter`, `plugin_id`, `plugin_name`, `plugin_icon`, `last_modified`, `flag`, `scan_type`) VALUES ('0a5a7796-6b53-408a-ba49-7fd9e51d82f4', 'AWS 16.0 Find cross-account trust boundaries', 1, 'HighRisk', 'AWS 16.0 Find cross-account trust boundaries - [trustboundaries]', '16.0 Find cross-account trust boundaries - [trustboundaries] *******\n\n7.89 [extra789] Find trust boundaries in VPC endpoint services connections\n\n7.90 [extra790] Find trust boundaries in VPC endpoint services whitelisted principles', '[{\"key\":\"group\",\"name\":\"扫描分组\",\"defaultValue\":\"trustboundaries\",\"required\":true}]', 'fit2cloud-aws-plugin', 'AWS 亚马逊云', 'aws.png', concat(unix_timestamp(now()), '026'), 1, 'prowler');
INSERT INTO `rule` (`id`, `name`, `status`, `severity`, `description`, `script`, `parameter`, `plugin_id`, `plugin_name`, `plugin_icon`, `last_modified`, `flag`, `scan_type`) VALUES ('a944a483-c23f-4d62-bdd8-d2a20a4aaeca', 'AWS 17.0 Find resources exposed to the internet', 1, 'HighRisk', 'AWS 17.0 Find resources exposed to the internet - [internet-exposed]', '17.0 Find resources exposed to the internet - [internet-exposed] ***\n\n4.1  [check41] Ensure no security groups allow ingress from 0.0.0.0/0 or ::/0 to port 22 (Scored)\n\n4.2  [check42] Ensure no security groups allow ingress from 0.0.0.0/0 or ::/0 to port 3389 (Scored)\n\n7.2 [extra72] Ensure there are no EBS Snapshots set as Public (Not Scored) (Not part of CIS benchmark)\n\n7.3 [extra73] Ensure there are no S3 buckets open to Everyone or Any AWS user (Not Scored) (Not part of CIS benchmark)\n\n7.4 [extra74] Ensure there are no Security Groups without ingress filtering being used (Not Scored) (Not part of CIS benchmark)\n\n7.6 [extra76] Ensure there are no EC2 AMIs set as Public (Not Scored) (Not part of CIS benchmark)\n\n7.7 [extra77] Ensure there are no ECR repositories set as Public (Not Scored) (Not part of CIS benchmark)\n\n7.8 [extra78] Ensure there are no Public Accessible RDS instances (Not Scored) (Not part of CIS benchmark)\n\n7.9 [extra79] Check for internet facing Elastic Load Balancers (Not Scored) (Not part of CIS benchmark)\n\n7.10 [extra710] Check for internet facing EC2 Instances (Not Scored) (Not part of CIS benchmark)\n\n7.11 [extra711] Check for Publicly Accessible Redshift Clusters (Not Scored) (Not part of CIS benchmark)\n\n7.16 [extra716] Check if Amazon Elasticsearch Service (ES) domains are set as Public or if it has open policy access\n\n7.23 [extra723] Check if RDS Snapshots and Cluster Snapshots are public (Not Scored) (Not part of CIS benchmark)\n\n7.27 [extra727] Check if SQS queues have policy set as Public (Not Scored) (Not part of CIS benchmark)\n\n7.31 [extra731] Check if SNS topics have policy set as Public (Not Scored) (Not part of CIS benchmark)\n\n7.36 [extra736] Check exposed KMS keys (Not Scored) (Not part of CIS benchmark)\n\n7.38 [extra738] Check if CloudFront distributions are set to HTTPS (Not Scored) (Not part of CIS benchmark)\n\n7.45 [extra745] Check if API Gateway endpoint is public or private (Not Scored) (Not part of CIS benchmark)\n\n7.48 [extra748] Ensure no security groups allow ingress from 0.0.0.0/0 or ::/0 to any port (Not Scored) (Not part of CIS benchmark)\n\n7.49 [extra749] Ensure no security groups allow ingress from 0.0.0.0/0 or ::/0 to Oracle ports 1521 or 2483 (Not Scored) (Not part of CIS benchmark)\n\n7.50 [extra750] Ensure no security groups allow ingress from 0.0.0.0/0 or ::/0 to MySQL port 3306 (Not Scored) (Not part of CIS benchmark)\n\n7.51 [extra751] Ensure no security groups allow ingress from 0.0.0.0/0 or ::/0 to Postgres port 5432 (Not Scored) (Not part of CIS benchmark)\n\n7.52 [extra752] Ensure no security groups allow ingress from 0.0.0.0/0 or ::/0 to Redis port 6379 (Not Scored) (Not part of CIS benchmark)\n\n7.53 [extra753] Ensure no security groups allow ingress from 0.0.0.0/0 or ::/0 to MongoDB ports 27017 and 27018 (Not Scored) (Not part of CIS benchmark)\n\n7.54 [extra754] Ensure no security groups allow ingress from 0.0.0.0/0 or ::/0 to Cassandra ports 7199 or 9160 or 8888 (Not Scored) (Not part of CIS benchmark)\n\n7.55 [extra755] Ensure no security groups allow ingress from 0.0.0.0/0 or ::/0 to Memcached port 11211 (Not Scored) (Not part of CIS benchmark)\n\n7.56 [extra756] Check if Redshift cluster is Public Accessible (Not Scored) (Not part of CIS benchmark)\n\n7.70 [extra770] Check for internet facing EC2 instances with Instance Profiles attached (Not Scored) (Not part of CIS benchmark)\n\n7.71 [extra771] Check if S3 buckets have policies which allow WRITE access (Not Scored) (Not part of CIS benchmark)\n\n7.78 [extra778] Find VPC security groups with wide-open public IPv4 CIDR ranges (non-RFC1918) (Not Scored) (Not part of CIS benchmark)\n\n7.79 [extra779] Ensure no security groups allow ingress from 0.0.0.0/0 or ::/0 to Elasticsearch/Kibana ports\n\n7.87 [extra787] Check connection and authentication for Internet exposed Elasticsearch/Kibana ports\n\n7.88 [extra788] Check connection and authentication for Internet exposed Amazon Elasticsearch Service (ES) domains\n\n7.95 [extra795] Ensure EKS Clusters are created with Private Endpoint Enabled and Public Access Disabled\n\n7.96 [extra796] Restrict Access to the EKS Control Plane Endpoint\n\n7.98 [extra798] Check if Lambda functions have resource-based policy set as Public\n\n7.102 [extra7102] Check if any of the Elastic or Public IP are in Shodan (requires Shodan API KEY)', '[{\"key\":\"group\",\"name\":\"扫描分组\",\"defaultValue\":\"internet-exposed\",\"required\":true}]', 'fit2cloud-aws-plugin', 'AWS 亚马逊云', 'aws.png', concat(unix_timestamp(now()), '027'), 1, 'prowler');
INSERT INTO `rule` (`id`, `name`, `status`, `severity`, `description`, `script`, `parameter`, `plugin_id`, `plugin_name`, `plugin_icon`, `last_modified`, `flag`, `scan_type`) VALUES ('9b1d1a9c-6c7e-44db-a15c-c0c82b1040eb', 'AWS 18.0 ISO 27001:2013 Readiness', 1, 'HighRisk', 'AWS 18.0 ISO 27001:2013 Readiness - ONLY AS REFERENCE - [iso27001]', '18.0 ISO 27001:2013 Readiness - ONLY AS REFERENCE - [iso27001] *****\n\n1.1  [check11] Avoid the use of the root account (Scored)\n\n1.10  [check110] Ensure IAM password policy prevents password reuse: 24 or greater (Scored)\n\n1.11  [check111] Ensure IAM password policy expires passwords within 90 days or less (Scored)\n\n1.12  [check112] Ensure no root account access key exists (Scored)\n\n1.13  [check113] Ensure MFA is enabled for the root account (Scored)\n\n1.14  [check114] Ensure hardware MFA is enabled for the root account (Scored)\n\n1.15 [check115] Ensure security questions are registered in the AWS account (Not Scored)\n\n1.16  [check116] Ensure IAM policies are attached only to groups or roles (Scored)\n\n1.19 [check119] Ensure IAM instance roles are used for AWS resource access from instances (Not Scored)\n\n1.2  [check12] Ensure multi-factor authentication (MFA) is enabled for all IAM users that have a console password (Scored)\n\n1.22  [check122] Ensure IAM policies that allow full \"*:*\" administrative privileges are not created (Scored)\n\n1.3  [check13] Ensure credentials unused for 90 days or greater are disabled (Scored)\n\n1.4  [check14] Ensure access keys are rotated every 90 days or less (Scored)\n\n1.5  [check15] Ensure IAM password policy requires at least one uppercase letter (Scored)\n\n1.6  [check16] Ensure IAM password policy require at least one lowercase letter (Scored)\n\n1.7  [check17] Ensure IAM password policy require at least one symbol (Scored)\n\n1.8  [check18] Ensure IAM password policy require at least one number (Scored)\n\n1.9  [check19] Ensure IAM password policy requires minimum length of 14 or greater (Scored)\n\n2.1  [check21] Ensure CloudTrail is enabled in all regions (Scored)\n\n2.2  [check22] Ensure CloudTrail log file validation is enabled (Scored)\n\n2.3  [check23] Ensure the S3 bucket CloudTrail logs to is not publicly accessible (Scored)\n\n2.4  [check24] Ensure CloudTrail trails are integrated with CloudWatch Logs (Scored)\n\n2.5  [check25] Ensure AWS Config is enabled in all regions (Scored)\n\n2.6  [check26] Ensure S3 bucket access logging is enabled on the CloudTrail S3 bucket (Scored)\n\n2.7  [check27] Ensure CloudTrail logs are encrypted at rest using KMS CMKs (Scored)\n\n2.8  [check28] Ensure rotation for customer created KMS CMKs is enabled (Scored)\n\n2.9  [check29] Ensure VPC Flow Logging is Enabled in all VPCs (Scored)\n\n3.1  [check31] Ensure a log metric filter and alarm exist for unauthorized API calls (Scored)\n\n3.10  [check310] Ensure a log metric filter and alarm exist for security group changes (Scored)\n\n3.11  [check311] Ensure a log metric filter and alarm exist for changes to Network Access Control Lists (NACL) (Scored)\n\n3.12  [check312] Ensure a log metric filter and alarm exist for changes to network gateways (Scored)\n\n3.13  [check313] Ensure a log metric filter and alarm exist for route table changes (Scored)\n\n3.14  [check314] Ensure a log metric filter and alarm exist for VPC changes (Scored)\n\n3.2  [check32] Ensure a log metric filter and alarm exist for Management Console sign-in without MFA (Scored)\n\n3.3  [check33] Ensure a log metric filter and alarm exist for usage of root account (Scored)\n\n3.4  [check34] Ensure a log metric filter and alarm exist for IAM policy changes (Scored)\n\n3.5  [check35] Ensure a log metric filter and alarm exist for CloudTrail configuration changes (Scored)\n\n3.6  [check36] Ensure a log metric filter and alarm exist for AWS Management Console authentication failures (Scored)\n\n3.7  [check37] Ensure a log metric filter and alarm exist for disabling or scheduled deletion of customer created KMS CMKs (Scored)\n\n3.8  [check38] Ensure a log metric filter and alarm exist for S3 bucket policy changes (Scored)\n\n3.9  [check39] Ensure a log metric filter and alarm exist for AWS Config configuration changes (Scored)\n\n4.1  [check41] Ensure no security groups allow ingress from 0.0.0.0/0 or ::/0 to port 22 (Scored)\n\n4.2  [check42] Ensure no security groups allow ingress from 0.0.0.0/0 or ::/0 to port 3389 (Scored)\n\n4.3  [check43] Ensure the default security group of every VPC restricts all traffic (Scored)\n\n4.4 [check44] Ensure routing tables for VPC peering are \"least access\" (Not Scored)\n\n7.1 [extra71] Ensure users of groups with AdministratorAccess policy have MFA tokens enabled (Not Scored) (Not part of CIS benchmark)\n\n7.10 [extra710] Check for internet facing EC2 Instances (Not Scored) (Not part of CIS benchmark)\n\n7.100 [extra7100] Ensure that no custom IAM policies exist which allow permissive role assumption (e.g. sts:AssumeRole on *)\n\n7.11 [extra711] Check for Publicly Accessible Redshift Clusters (Not Scored) (Not part of CIS benchmark)\n\n7.113 [extra7113] Check if RDS instances have deletion protection enabled (Not Scored) (Not part of CIS benchmark)\n\n7.123 [extra7123] Check if IAM users have two active access keys\n\n7.125 [extra7125] Check if IAM users have Hardware MFA enabled.\n\n7.126 [extra7126] Check if there are CMK KMS keys not used\n\n7.128 [extra7128] Check if DynamoDB table has encryption at rest enabled using CMK KMS\n\n7.129 [extra7129] Check if Application Load Balancer has a WAF ACL attached\n\n7.13 [extra713] Check if GuardDuty is enabled (Not Scored) (Not part of CIS benchmark)\n\n7.14 [extra714] Check if CloudFront distributions have logging enabled (Not Scored) (Not part of CIS benchmark)\n\n7.130 [extra7130] Ensure there are no SNS Topics unencrypted\n\n7.18 [extra718] Check if S3 buckets have server access logging enabled (Not Scored) (Not part of CIS benchmark)\n\n7.19 [extra719] Check if Route53 public hosted zones are logging queries to CloudWatch Logs (Not Scored) (Not part of CIS benchmark)\n\n7.2 [extra72] Ensure there are no EBS Snapshots set as Public (Not Scored) (Not part of CIS benchmark)\n\n7.20 [extra720] Check if Lambda functions invoke API operations are being recorded by CloudTrail (Not Scored) (Not part of CIS benchmark)\n\n7.21 [extra721] Check if Redshift cluster has audit logging enabled (Not Scored) (Not part of CIS benchmark)\n\n7.22 [extra722] Check if API Gateway has logging enabled (Not Scored) (Not part of CIS benchmark)\n\n7.23 [extra723] Check if RDS Snapshots and Cluster Snapshots are public (Not Scored) (Not part of CIS benchmark)\n\n7.24 [extra724] Check if ACM certificates have Certificate Transparency logging enabled (Not Scored) (Not part of CIS benchmark)\n\n7.25 [extra725] Check if S3 buckets have Object-level logging enabled in CloudTrail (Not Scored) (Not part of CIS benchmark)\n\n7.26 [extra726] Check Trusted Advisor for errors and warnings (Not Scored) (Not part of CIS benchmark)\n\n7.27 [extra727] Check if SQS queues have policy set as Public (Not Scored) (Not part of CIS benchmark)\n\n7.28 [extra728] Check if SQS queues have Server Side Encryption enabled (Not Scored) (Not part of CIS benchmark)\n\n7.29 [extra729] Ensure there are no EBS Volumes unencrypted (Not Scored) (Not part of CIS benchmark)\n\n7.31 [extra731] Check if SNS topics have policy set as Public (Not Scored) (Not part of CIS benchmark)\n\n7.3 [extra73] Ensure there are no S3 buckets open to Everyone or Any AWS user (Not Scored) (Not part of CIS benchmark)\n\n7.31 [extra731] Check if SNS topics have policy set as Public (Not Scored) (Not part of CIS benchmark)\n\n7.35 [extra735] Check if RDS instances storage is encrypted (Not Scored) (Not part of CIS benchmark)\n\n7.39 [extra739] Check if RDS instances have backup enabled (Not Scored) (Not part of CIS benchmark)\n\n7.4 [extra74] Ensure there are no Security Groups without ingress filtering being used (Not Scored) (Not part of CIS benchmark)\n\n7.41 [extra741] Find secrets in EC2 User Data (Not Scored) (Not part of CIS benchmark)\n\n7.47 [extra747] Check if RDS instances is integrated with CloudWatch Logs  (Not Scored) (Not part of CIS benchmark)\n\n7.48 [extra748] Ensure no security groups allow ingress from 0.0.0.0/0 or ::/0 to any port (Not Scored) (Not part of CIS benchmark)\n\n7.5 [extra75] Ensure there are no Security Groups not being used (Not Scored) (Not part of CIS benchmark)\n\n7.56 [extra756] Check if Redshift cluster is Public Accessible (Not Scored) (Not part of CIS benchmark)\n\n7.57 [extra757] Check EC2 Instances older than 6 months (Not Scored) (Not part of CIS benchmark)\n\n7.58 [extra758] Check EC2 Instances older than 12 months (Not Scored) (Not part of CIS benchmark)\n\n7.59 [extra759] Find secrets in Lambda functions variables (Not Scored) (Not part of CIS benchmark)\n\n7.6 [extra76] Ensure there are no EC2 AMIs set as Public (Not Scored) (Not part of CIS benchmark)\n\n7.60 [extra760] Find secrets in Lambda functions code (Not Scored) (Not part of CIS benchmark)\n\n7.61 [extra761] Check if EBS Default Encryption is activated (Not Scored) (Not part of CIS benchmark)\n\n7.62 [extra762] Find obsolete Lambda runtimes (Not Scored) (Not part of CIS benchmark)\n\n7.63 [extra763] Check if S3 buckets have object versioning enabled (Not Scored) (Not part of CIS benchmark)\n\n7.64 [extra764] Check if S3 buckets have secure transport policy (Not Scored) (Not part of CIS benchmark)\n\n7.65 [extra765] Check if ECR image scan on push is enabled (Not Scored) (Not part of CIS benchmark)\n\n7.67 [extra767] Check if CloudFront distributions have Field Level Encryption enabled (Not Scored) (Not part of CIS benchmark)\n\n7.68 [extra768] Find secrets in ECS task definitions variables (Not Scored) (Not part of CIS benchmark)\n\n7.69 [extra769] Check if IAM Access Analyzer is enabled and its findings (Not Scored) (Not part of CIS benchmark)\n\n7.7 [extra77] Ensure there are no ECR repositories set as Public (Not Scored) (Not part of CIS benchmark)\n\n7.71 [extra771] Check if S3 buckets have policies which allow WRITE access (Not Scored) (Not part of CIS benchmark)\n\n7.72 [extra772] Check if elastic IPs are unused (Not Scored) (Not part of CIS benchmark)\n\n7.74 [extra774] Ensure credentials unused for 30 days or greater are disabled\n\n7.76 [extra776] Check if ECR image scan found vulnerabilities in the newest image version (Not Scored) (Not part of CIS benchmark)\n\n7.77 [extra777] Find VPC security groups with many ingress or egress rules (Not Scored) (Not part of CIS benchmark)\n\n7.78 [extra778] Find VPC security groups with wide-open public IPv4 CIDR ranges (non-RFC1918) (Not Scored) (Not part of CIS benchmark)\n\n7.8 [extra78] Ensure there are no Public Accessible RDS instances (Not Scored) (Not part of CIS benchmark)\n\n7.89 [extra789] Find trust boundaries in VPC endpoint services connections\n\n7.9 [extra79] Check for internet facing Elastic Load Balancers (Not Scored) (Not part of CIS benchmark)\n\n7.90 [extra790] Find trust boundaries in VPC endpoint services whitelisted principles\n\n7.92 [extra792] Check if Elastic Load Balancers have insecure SSL ciphers (Not Scored) (Not part of CIS benchmark)\n\n7.93 [extra793] Check if Elastic Load Balancers have SSL listeners (Not Scored) (Not part of CIS benchmark)\n\n7.94 [extra794] Ensure EKS Control Plane Audit Logging is enabled for all log types\n\n7.95 [extra795] Ensure EKS Clusters are created with Private Endpoint Enabled and Public Access Disabled\n\n7.96 [extra796] Restrict Access to the EKS Control Plane Endpoint\n\n7.98 [extra798] Check if Lambda functions have resource-based policy set as Public', '[{\"key\":\"group\",\"name\":\"扫描分组\",\"defaultValue\":\"iso27001\",\"required\":true}]', 'fit2cloud-aws-plugin', 'AWS 亚马逊云', 'aws.png', concat(unix_timestamp(now()), '028'), 1, 'prowler');
INSERT INTO `rule` (`id`, `name`, `status`, `severity`, `description`, `script`, `parameter`, `plugin_id`, `plugin_name`, `plugin_icon`, `last_modified`, `flag`, `scan_type`) VALUES ('0d51321e-e26c-4147-b730-5b1403384487', 'AWS 19.0 CIS EKS Benchmark', 1, 'HighRisk', 'AWS 19.0 CIS EKS Benchmark - [eks-cis]', '19.0 CIS EKS Benchmark - [eks-cis] *********************************\n\n7.65 [extra765] Check if ECR image scan on push is enabled (Not Scored) (Not part of CIS benchmark)\n\n7.94 [extra794] Ensure EKS Control Plane Audit Logging is enabled for all log types\n\n7.95 [extra795] Ensure EKS Clusters are created with Private Endpoint Enabled and Public Access Disabled\n\n7.96 [extra796] Restrict Access to the EKS Control Plane Endpoint\n\n7.97 [extra797] Ensure Kubernetes Secrets are encrypted using Customer Master Keys (CMKs)', '[{\"key\":\"group\",\"name\":\"扫描分组\",\"defaultValue\":\"eks-cis\",\"required\":true}]', 'fit2cloud-aws-plugin', 'AWS 亚马逊云', 'aws.png', concat(unix_timestamp(now()), '029'), 1, 'prowler');
INSERT INTO `rule` (`id`, `name`, `status`, `severity`, `description`, `script`, `parameter`, `plugin_id`, `plugin_name`, `plugin_icon`, `last_modified`, `flag`, `scan_type`) VALUES ('0d6270fc-3744-42cd-a850-65ac0b8ef514', 'AWS 20.0 FFIEC Cybersecurity Readiness', 1, 'HighRisk', 'AWS 20.0 FFIEC Cybersecurity Readiness - ONLY AS REFERENCE - [ffiec]', '20.0 FFIEC Cybersecurity Readiness - ONLY AS REFERENCE - [ffiec] ***\n\n1.1  [check11] Avoid the use of the root account (Scored)\n\n1.2  [check12] Ensure multi-factor authentication (MFA) is enabled for all IAM users that have a console password (Scored)\n\n1.3  [check13] Ensure credentials unused for 90 days or greater are disabled (Scored)\n\n1.4  [check14] Ensure access keys are rotated every 90 days or less (Scored)\n\n1.6  [check16] Ensure IAM password policy require at least one lowercase letter (Scored)\n\n1.8  [check18] Ensure IAM password policy require at least one number (Scored)\n\n1.9  [check19] Ensure IAM password policy requires minimum length of 14 or greater (Scored)\n\n2.1  [check21] Ensure CloudTrail is enabled in all regions (Scored)\n\n2.3  [check23] Ensure the S3 bucket CloudTrail logs to is not publicly accessible (Scored)\n\n2.5  [check25] Ensure AWS Config is enabled in all regions (Scored)\n\n2.9  [check29] Ensure VPC Flow Logging is Enabled in all VPCs (Scored)\n\n2.9  [check29] Ensure VPC Flow Logging is Enabled in all VPCs (Scored)\n\n3.1  [check31] Ensure a log metric filter and alarm exist for unauthorized API calls (Scored)\n\n3.2  [check32] Ensure a log metric filter and alarm exist for Management Console sign-in without MFA (Scored)\n\n3.3  [check33] Ensure a log metric filter and alarm exist for usage of root account (Scored)\n\n3.4  [check34] Ensure a log metric filter and alarm exist for IAM policy changes (Scored)\n\n3.5  [check35] Ensure a log metric filter and alarm exist for CloudTrail configuration changes (Scored)\n\n3.6  [check36] Ensure a log metric filter and alarm exist for AWS Management Console authentication failures (Scored)\n\n3.7  [check37] Ensure a log metric filter and alarm exist for disabling or scheduled deletion of customer created KMS CMKs (Scored)\n\n3.7  [check37] Ensure a log metric filter and alarm exist for disabling or scheduled deletion of customer created KMS CMKs (Scored)\n\n3.8  [check38] Ensure a log metric filter and alarm exist for S3 bucket policy changes (Scored)\n\n3.9  [check39] Ensure a log metric filter and alarm exist for AWS Config configuration changes (Scored)\n\n4.1  [check41] Ensure no security groups allow ingress from 0.0.0.0/0 or ::/0 to port 22 (Scored)\n\n4.2  [check42] Ensure no security groups allow ingress from 0.0.0.0/0 or ::/0 to port 3389 (Scored)\n\n4.3  [check43] Ensure the default security group of every VPC restricts all traffic (Scored)\n\n1.10  [check110] Ensure IAM password policy prevents password reuse: 24 or greater (Scored)\n\n1.12  [check112] Ensure no root account access key exists (Scored)\n\n1.13  [check113] Ensure MFA is enabled for the root account (Scored)\n\n1.16  [check116] Ensure IAM policies are attached only to groups or roles (Scored)\n\n3.10  [check310] Ensure a log metric filter and alarm exist for security group changes (Scored)\n\n3.11  [check311] Ensure a log metric filter and alarm exist for changes to Network Access Control Lists (NACL) (Scored)\n\n3.12  [check312] Ensure a log metric filter and alarm exist for changes to network gateways (Scored)\n\n3.13  [check313] Ensure a log metric filter and alarm exist for route table changes (Scored)\n\n3.14  [check314] Ensure a log metric filter and alarm exist for VPC changes (Scored)\n\n7.2 [extra72] Ensure there are no EBS Snapshots set as Public (Not Scored) (Not part of CIS benchmark)\n\n7.6 [extra76] Ensure there are no EC2 AMIs set as Public (Not Scored) (Not part of CIS benchmark)\n\n7.8 [extra78] Ensure there are no Public Accessible RDS instances (Not Scored) (Not part of CIS benchmark)\n\n7.11 [extra711] Check for Publicly Accessible Redshift Clusters (Not Scored) (Not part of CIS benchmark)\n\n7.23 [extra723] Check if RDS Snapshots and Cluster Snapshots are public (Not Scored) (Not part of CIS benchmark)\n\n7.29 [extra729] Ensure there are no EBS Volumes unencrypted (Not Scored) (Not part of CIS benchmark)\n\n7.31 [extra731] Check if SNS topics have policy set as Public (Not Scored) (Not part of CIS benchmark)\n\n7.34 [extra734] Check if S3 buckets have default encryption (SSE) enabled or use a bucket policy to enforce it (Not Scored) (Not part of CIS benchmark)\n\n7.35 [extra735] Check if RDS instances storage is encrypted (Not Scored) (Not part of CIS benchmark)\n\n7.63 [extra763] Check if S3 buckets have object versioning enabled (Not Scored) (Not part of CIS benchmark)\n\n7.92 [extra792] Check if Elastic Load Balancers have insecure SSL ciphers (Not Scored) (Not part of CIS benchmark)', '[{\"key\":\"group\",\"name\":\"扫描分组\",\"defaultValue\":\"ffiec\",\"required\":true}]', 'fit2cloud-aws-plugin', 'AWS 亚马逊云', 'aws.png', concat(unix_timestamp(now()), '030'), 1, 'prowler');
INSERT INTO `rule` (`id`, `name`, `status`, `severity`, `description`, `script`, `parameter`, `plugin_id`, `plugin_name`, `plugin_icon`, `last_modified`, `flag`, `scan_type`) VALUES ('c1375dfe-c0b1-4e53-9c2b-6a0f29258a08', 'AWS 21.0 SOC2 Readiness', 1, 'HighRisk', 'AWS 21.0 SOC2 Readiness - ONLY AS REFERENCE - [soc2]', '21.0 SOC2 Readiness - ONLY AS REFERENCE - [soc2] ***\n\n1.10  [check110] Ensure IAM password policy prevents password reuse: 24 or greater (Scored)\n\n1.11  [check111] Ensure IAM password policy expires passwords within 90 days or less (Scored)\n\n1.13  [check113] Ensure MFA is enabled for the root account (Scored)\n\n1.2  [check12] Ensure multi-factor authentication (MFA) is enabled for all IAM users that have a console password (Scored)\n\n1.22  [check122] Ensure IAM policies that allow full \"*:*\" administrative privileges are not created (Scored)\n\n1.3  [check13] Ensure credentials unused for 90 days or greater are disabled (Scored)\n\n1.5  [check15] Ensure IAM password policy requires at least one uppercase letter (Scored)\n\n1.6  [check16] Ensure IAM password policy require at least one lowercase letter (Scored)\n\n1.7  [check17] Ensure IAM password policy require at least one symbol (Scored)\n\n1.8  [check18] Ensure IAM password policy require at least one number (Scored)\n\n1.9  [check19] Ensure IAM password policy requires minimum length of 14 or greater (Scored)\n\n2.1  [check21] Ensure CloudTrail is enabled in all regions (Scored)\n\n3.1  [check31] Ensure a log metric filter and alarm exist for unauthorized API calls (Scored)\n\n3.10  [check310] Ensure a log metric filter and alarm exist for security group changes (Scored)\n\n3.2  [check32] Ensure a log metric filter and alarm exist for Management Console sign-in without MFA (Scored)\n\n3.3  [check33] Ensure a log metric filter and alarm exist for usage of root account (Scored)\n\n3.4  [check34] Ensure a log metric filter and alarm exist for IAM policy changes (Scored)\n\n3.5  [check35] Ensure a log metric filter and alarm exist for CloudTrail configuration changes (Scored)\n\n3.6  [check36] Ensure a log metric filter and alarm exist for AWS Management Console authentication failures (Scored)\n\n3.7  [check37] Ensure a log metric filter and alarm exist for disabling or scheduled deletion of customer created KMS CMKs (Scored)\n\n3.8  [check38] Ensure a log metric filter and alarm exist for S3 bucket policy changes (Scored)\n\n3.9  [check39] Ensure a log metric filter and alarm exist for AWS Config configuration changes (Scored)\n\n4.1  [check41] Ensure no security groups allow ingress from 0.0.0.0/0 or ::/0 to port 22 (Scored)\n\n4.2  [check42] Ensure no security groups allow ingress from 0.0.0.0/0 or ::/0 to port 3389 (Scored)\n\n4.3  [check43] Ensure the default security group of every VPC restricts all traffic (Scored)\n\n7.11 [extra711] Check for Publicly Accessible Redshift Clusters (Not Scored) (Not part of CIS benchmark)\n\n7.2 [extra72] Ensure there are no EBS Snapshots set as Public (Not Scored) (Not part of CIS benchmark)\n\n7.23 [extra723] Check if RDS Snapshots and Cluster Snapshots are public (Not Scored) (Not part of CIS benchmark)\n\n7.29 [extra729] Ensure there are no EBS Volumes unencrypted (Not Scored) (Not part of CIS benchmark)\n\n7.31 [extra731] Check if SNS topics have policy set as Public (Not Scored) (Not part of CIS benchmark)\n\n7.34 [extra734] Check if S3 buckets have default encryption (SSE) enabled or use a bucket policy to enforce it (Not Scored) (Not part of CIS benchmark)\n\n7.35 [extra735] Check if RDS instances storage is encrypted (Not Scored) (Not part of CIS benchmark)\n\n7.39 [extra739] Check if RDS instances have backup enabled (Not Scored) (Not part of CIS benchmark)\n\n7.6 [extra76] Ensure there are no EC2 AMIs set as Public (Not Scored) (Not part of CIS benchmark)\n\n7.8 [extra78] Ensure there are no Public Accessible RDS instances (Not Scored) (Not part of CIS benchmark)\n\n7.92 [extra792] Check if Elastic Load Balancers have insecure SSL ciphers (Not Scored) (Not part of CIS benchmark)', '[{\"key\":\"group\",\"name\":\"扫描分组\",\"defaultValue\":\"soc2\",\"required\":true}]', 'fit2cloud-aws-plugin', 'AWS 亚马逊云', 'aws.png', concat(unix_timestamp(now()), '031'), 1, 'prowler');
INSERT INTO `rule` (`id`, `name`, `status`, `severity`, `description`, `script`, `parameter`, `plugin_id`, `plugin_name`, `plugin_icon`, `last_modified`, `flag`, `scan_type`) VALUES ('1ab302fb-1b06-410a-b17a-fdf7843d6182', 'AWS 22.0 Amazon SageMaker related security checks', 1, 'HighRisk', 'AWS 22.0 Amazon SageMaker related security checks - [sagemaker]', '22.0 Amazon SageMaker related security checks - [sagemaker] ********\n\n7.103 [extra7103] Check if Amazon SageMaker Notebook instances have root access disabled\n\n7.104 [extra7104] Check if Amazon SageMaker Notebook instances have VPC settings configured\n\n7.111 [extra7111] Check if Amazon SageMaker Notebook instances have direct internet access\n\n7.112 [extra7112] Check if Amazon SageMaker Notebook instances have data encryption enabled\n\n7.105 [extra7105] Check if Amazon SageMaker Models have network isolation enabled\n\n7.106 [extra7106] Check if Amazon SageMaker Models have VPC settings configured\n\n7.107 [extra7107] Check if Amazon SageMaker Training jobs have intercontainer encryption enabled\n\n7.108 [extra7108] Check if Amazon SageMaker Training jobs have volume and output with KMS encryption enabled\n\n7.109 [extra7109] Check if Amazon SageMaker Training jobs have network isolation enabled\n\n7.110 [extra7110] Check if Amazon SageMaker Training job have VPC settings configured.', '[{\"key\":\"group\",\"name\":\"扫描分组\",\"defaultValue\":\"sagemaker\",\"required\":true}]', 'fit2cloud-aws-plugin', 'AWS 亚马逊云', 'aws.png', concat(unix_timestamp(now()), '032'), 1, 'prowler');
INSERT INTO `rule` (`id`, `name`, `status`, `severity`, `description`, `script`, `parameter`, `plugin_id`, `plugin_name`, `plugin_icon`, `last_modified`, `flag`, `scan_type`) VALUES ('f38d83c9-c4b9-47b8-8135-f9bdf96cf8ec', 'AWS 23.0 ENS Esquema Nacional', 1, 'HighRisk', 'AWS 23.0 ENS Esquema Nacional de Seguridad security checks - [ens]', '23.0 ENS Esquema Nacional de Seguridad security checks - [ens] *****\n\n7.33 [extra733] Check if there are SAML Providers then STS can be used (Not Scored) (Not part of CIS benchmark) (ens-op.acc.1.aws.iam.1)\n\n7.123 [extra7123] Check if IAM users have two active access keys (ens-op.acc.1.aws.iam.2)\n\n1.3  [check13] Ensure credentials unused for 90 days or greater are disabled (Scored) (ens-op.acc.1.aws.iam.3 ens-op.acc.5.aws.iam.4)\n\n1.4  [check14] Ensure access keys are rotated every 90 days or less (Scored) (ens-op.acc.1.aws.iam.4 ens-op.acc.5.aws.iam.3)\n\n1.21 [check121] Do not setup access keys during initial user setup for all IAM users that have a console password (Not Scored) (ens-op.acc.1.aws.iam.5)\n\n7.100 [extra7100] Ensure that no custom IAM policies exist which allow permissive role assumption (e.g. sts:AssumeRole on *) (ens-op.acc.2.aws.iam.1)\n\n1.20  [check120] Ensure a support role has been created to manage incidents with AWS Support (Scored) (ens-op.acc.1.aws.iam.4)\n\n1.16  [check116] Ensure IAM policies are attached only to groups or roles (Scored) (ens-op.acc.3.aws.iam.1)\n\n7.124 [extra7124] Check if EC2 instances are managed by Systems Manager. (ens-op.exp.1.aws.sys.1 ens-op.acc.4.aws.sys.1)\n\n1.2  [check12] Ensure multi-factor authentication (MFA) is enabled for all IAM users that have a console password (Scored) (ens-op.acc.5.aws.iam.1)\n\n7.125 [extra7125] Check if IAM users have Hardware MFA enabled. (ens-op.acc.5.aws.iam.2)\n\n1.4  [check14] Ensure access keys are rotated every 90 days or less (Scored) (ens-op.acc.1.aws.iam.4 ens-op.acc.5.aws.iam.3)\n\n1.3  [check13] Ensure credentials unused for 90 days or greater are disabled (Scored) (ens-op.acc.1.aws.iam.3 ens-op.acc.5.aws.iam.4)\n\n2.1  [check21] Ensure CloudTrail is enabled in all regions (Scored) (ens-op.acc.7.aws.iam.1 ens-op.mon.1.aws.trail.1)\n\n2.5  [check25] Ensure AWS Config is enabled in all regions (Scored) (ens-op.exp.1.aws.cfg.1)\n\n7.127 [extra7127] Check if EC2 instances managed by Systems Manager are compliant with patching requirements (ens-op.exp.1.aws.sys.1 ens-op.exp.4.aws.sys.1)\n\n3.5  [check35] Ensure a log metric filter and alarm exist for CloudTrail configuration changes (Scored) (ens-op.exp.8.aws.trail.1)\n\n2.4  [check24] Ensure CloudTrail trails are integrated with CloudWatch Logs (Scored) (ens-op.exp.8.aws.cw.1)\n\n3.1  [check31] Ensure a log metric filter and alarm exist for unauthorized API calls (Scored) (ens-op.exp.8.aws.trail.2)\n\n3.6  [check36] Ensure a log metric filter and alarm exist for AWS Management Console authentication failures (Scored) (ens-op.exp.8.aws.trail.3)\n\n3.2  [check32] Ensure a log metric filter and alarm exist for Management Console sign-in without MFA (Scored) (ens-op.exp.8.aws.trail.4)\n\n3.3  [check33] Ensure a log metric filter and alarm exist for usage of root account (Scored) (ens-op.exp.8.aws.trail.5)\n\n3.4  [check34] Ensure a log metric filter and alarm exist for IAM policy changes (Scored) (ens-op.exp.8.aws.trail.6)\n\n2.2  [check22] Ensure CloudTrail log file validation is enabled (Scored) (ens-op.exp.10.aws.trail.1)\n\n7.1 [extra71] Ensure users of groups with AdministratorAccess policy have MFA tokens enabled (Not Scored) (Not part of CIS benchmark) (ens-op.exp.10.aws.trail.2)\n\n2.3  [check23] Ensure the S3 bucket CloudTrail logs to is not publicly accessible (Scored) (ens-op.exp.10.aws.trail.3 ens-op.exp.10.aws.trail.4)\n\n2.3  [check23] Ensure the S3 bucket CloudTrail logs to is not publicly accessible (Scored) (ens-op.exp.10.aws.trail.3 ens-op.exp.10.aws.trail.4)\n\n2.7  [check27] Ensure CloudTrail logs are encrypted at rest using KMS CMKs (Scored) (ens-op.exp.10.aws.trail.5)\n\n3.7  [check37] Ensure a log metric filter and alarm exist for disabling or scheduled deletion of customer created KMS CMKs (Scored) (ens-op.exp.11.aws.kms.1)\n\n7.36 [extra736] Check exposed KMS keys (Not Scored) (Not part of CIS benchmark) (ens-op.exp.11.aws.kms.2)\n\n7.37 [extra737] Check KMS keys with key rotation disabled (Not Scored) (Not part of CIS benchmark) (ens-op.exp.11.aws.kms.3)\n\n7.13 [extra713] Check if GuardDuty is enabled (Not Scored) (Not part of CIS benchmark) (ens-op.mon.1.aws.duty.1)\n\n2.1  [check21] Ensure CloudTrail is enabled in all regions (Scored) (ens-op.acc.7.aws.iam.1 ens-op.mon.1.aws.trail.1)\n\n2.9  [check29] Ensure VPC Flow Logging is Enabled in all VPCs (Scored) (ens-op.mon.1.aws.flow.1)\n\n7.93 [extra793] Check if Elastic Load Balancers have SSL listeners (Not Scored) (Not part of CIS benchmark) (ens-mp.com.2.aws.elb.1)\n\n7.92 [extra792] Check if Elastic Load Balancers have insecure SSL ciphers (Not Scored) (Not part of CIS benchmark) (ens-mp.com.2.aws.elb.2)\n\n7.64 [extra764] Check if S3 buckets have secure transport policy (Not Scored) (Not part of CIS benchmark) (ens-mp.com.2.aws.s3.1)\n\n7.38 [extra738] Check if CloudFront distributions are set to HTTPS (Not Scored) (Not part of CIS benchmark) (ens-mp.com.2.aws.front.1)\n\n4.3  [check43] Ensure the default security group of every VPC restricts all traffic (Scored) (ens-mp.com.4.aws.sg.1)\n\n7.4 [extra74] Ensure there are no Security Groups without ingress filtering being used (Not Scored) (Not part of CIS benchmark) (ens-mp.com.4.aws.sg.2)\n\n7.10 [extra710] Check for internet facing EC2 Instances (Not Scored) (Not part of CIS benchmark) (ens-mp.com.4.aws.vpc.1)\n\n7.5 [extra75] Ensure there are no Security Groups not being used (Not Scored) (Not part of CIS benchmark) (ens-mp.com.4.aws.sg.3)\n\n4.1  [check41] Ensure no security groups allow ingress from 0.0.0.0/0 or ::/0 to port 22 (Scored) (ens-mp.com.4.aws.sg.4)\n\n4.2  [check42] Ensure no security groups allow ingress from 0.0.0.0/0 or ::/0 to port 3389 (Scored) (ens-mp.com.4.aws.sg.5)\n\n7.49 [extra749] Ensure no security groups allow ingress from 0.0.0.0/0 or ::/0 to Oracle ports 1521 or 2483 (Not Scored) (Not part of CIS benchmark) (ens-mp.com.4.aws.sg.6)\n\n7.50 [extra750] Ensure no security groups allow ingress from 0.0.0.0/0 or ::/0 to MySQL port 3306 (Not Scored) (Not part of CIS benchmark) (ens-mp.com.4.aws.sg.7)\n\n7.51 [extra751] Ensure no security groups allow ingress from 0.0.0.0/0 or ::/0 to Postgres port 5432 (Not Scored) (Not part of CIS benchmark) (ens-mp.com.4.aws.sg.8)\n\n7.52 [extra752] Ensure no security groups allow ingress from 0.0.0.0/0 or ::/0 to Redis port 6379 (Not Scored) (Not part of CIS benchmark) (ens-mp.com.4.aws.sg.9)\n\n7.53 [extra753] Ensure no security groups allow ingress from 0.0.0.0/0 or ::/0 to MongoDB ports 27017 and 27018 (Not Scored) (Not part of CIS benchmark) (ens-mp.com.4.aws.sg.10)\n\n7.54 [extra754] Ensure no security groups allow ingress from 0.0.0.0/0 or ::/0 to Cassandra ports 7199 or 9160 or 8888 (Not Scored) (Not part of CIS benchmark) (ens-mp.com.4.aws.sg.11)\n\n7.55 [extra755] Ensure no security groups allow ingress from 0.0.0.0/0 or ::/0 to Memcached port 11211 (Not Scored) (Not part of CIS benchmark) (ens-mp.com.4.aws.sg.12)\n\n7.128 [extra7128] Check if DynamoDB table has encryption at rest enabled using CMK KMS (ens-mp.info.3.aws.dyndb.1)\n\n7.29 [extra729] Ensure there are no EBS Volumes unencrypted (Not Scored) (Not part of CIS benchmark) (ens-mp.info.3.aws.ebs.1)\n\n7.61 [extra761] Check if EBS Default Encryption is activated (Not Scored) (Not part of CIS benchmark) (ens-mp.info.3.aws.ebs.2)\n\n7.40 [extra740] Check if EBS snapshots are encrypted (Not Scored) (Not part of CIS benchmark) (ens-mp.info.3.aws.ebs.3)\n\n7.35 [extra735] Check if RDS instances storage is encrypted (Not Scored) (Not part of CIS benchmark) (ens-mp.info.3.aws.rds.1)\n\n7.34 [extra734] Check if S3 buckets have default encryption (SSE) enabled or use a bucket policy to enforce it (Not Scored) (Not part of CIS benchmark) (ens-mp.info.3.s3.1)\n\n7.28 [extra728] Check if SQS queues have Server Side Encryption enabled (Not Scored) (Not part of CIS benchmark) (ens-mp.info.3.sns.1)\n\n7.81 [extra781] Check if Amazon Elasticsearch Service (ES) domains has encryption at-rest enabled (ens-mp.info.3.aws.au.1)\n\n7.73 [extra773] Check if CloudFront distributions are using WAF (Not Scored) (Not part of CIS benchmark) (ens-mp.s.2.aws.waf.1)\n\n7.44 [extra744] Check if API Gateway has a WAF ACL attached (Not Scored) (Not part of CIS benchmark) (ens-mp.s.2.aws.waf.2)\n\n7.126 [extra7126] Check if there are CMK KMS keys not used (op.exp.11.aws.kms.2)\n\n7.129 [extra7129] Check if Application Load Balancer has a WAF ACL attached (ens-mp.s.2.aws.waf.3)', '[{\"key\":\"group\",\"name\":\"扫描分组\",\"defaultValue\":\"ens\",\"required\":true}]', 'fit2cloud-aws-plugin', 'AWS 亚马逊云', 'aws.png', concat(unix_timestamp(now()), '033'), 1, 'prowler');
INSERT INTO `rule` (`id`, `name`, `status`, `severity`, `description`, `script`, `parameter`, `plugin_id`, `plugin_name`, `plugin_icon`, `last_modified`, `flag`, `scan_type`) VALUES ('e86583b9-12dd-4316-980a-5eeeba86f9ca', 'AWS 24.0 Amazon Glue related security checks', 1, 'HighRisk', 'AWS 24.0 Amazon Glue related security checks - [glue]', '24.0 Amazon Glue related security checks - [glue] ******************\n\n7.114 [extra7114] Check if Glue development endpoints have S3 encryption enabled.\n\n7.115 [extra7115] Check if Glue database connection has SSL connection enabled.\n\n7.116 [extra7116] Check if Glue data catalog settings have metadata encryption enabled.\n\n7.117 [extra7117] Check if Glue data catalog settings have encrypt connection password enabled.\n\n7.118 [extra7118] Check if Glue ETL Jobs have S3 encryption enabled.\n\n7.119 [extra7119] Check if Glue development endpoints have CloudWatch logs encryption enabled.\n\n7.120 [extra7120] Check if Glue ETL Jobs have CloudWatch Logs encryption enabled.\n\n7.121 [extra7121] Check if Glue development endpoints have Job bookmark encryption enabled.\n\n7.122 [extra7122] Check if Glue ETL Jobs have Job bookmark encryption enabled.', '[{\"key\":\"group\",\"name\":\"扫描分组\",\"defaultValue\":\"glue\",\"required\":true}]', 'fit2cloud-aws-plugin', 'AWS 亚马逊云', 'aws.png', concat(unix_timestamp(now()), '034'), 1, 'prowler');

INSERT INTO `rule_tag_mapping` (`rule_id`, `tag_key`) VALUES ('ebc80d1e-5dd9-4b86-8037-fb7c9727084a', 'safety');
INSERT INTO `rule_tag_mapping` (`rule_id`, `tag_key`) VALUES ('9929cc2a-7a9b-4643-a813-0e4359b09eb0', 'safety');
INSERT INTO `rule_tag_mapping` (`rule_id`, `tag_key`) VALUES ('8ad73e84-141a-40c4-bd56-1813535e8e92', 'safety');
INSERT INTO `rule_tag_mapping` (`rule_id`, `tag_key`) VALUES ('ee74d071-d39e-4b0e-b4a3-e7ad24fbce12', 'safety');
INSERT INTO `rule_tag_mapping` (`rule_id`, `tag_key`) VALUES ('0dc8ae24-71f8-449a-8834-d59f8fbdf991', 'safety');
INSERT INTO `rule_tag_mapping` (`rule_id`, `tag_key`) VALUES ('1fbd8c76-90e7-48e4-8281-ef597bb484e8', 'safety');
INSERT INTO `rule_tag_mapping` (`rule_id`, `tag_key`) VALUES ('6bb291bd-fcdf-4aa9-8fdf-69e761c9c4e0', 'safety');
INSERT INTO `rule_tag_mapping` (`rule_id`, `tag_key`) VALUES ('350a097a-dfeb-4fd0-a3af-49049da5c025', 'safety');
INSERT INTO `rule_tag_mapping` (`rule_id`, `tag_key`) VALUES ('fa60960a-0e38-4502-9834-1ab1277e9aaa', 'safety');
INSERT INTO `rule_tag_mapping` (`rule_id`, `tag_key`) VALUES ('39c87069-a3c6-4ab3-9974-f844a89872b5', 'safety');
INSERT INTO `rule_tag_mapping` (`rule_id`, `tag_key`) VALUES ('10754933-241e-42db-bb3c-42e13cb40b0f', 'safety');
INSERT INTO `rule_tag_mapping` (`rule_id`, `tag_key`) VALUES ('7c37887f-0b8d-444c-bad7-e43cd2b41578', 'safety');
INSERT INTO `rule_tag_mapping` (`rule_id`, `tag_key`) VALUES ('197e41e7-cbc3-4eef-b5ad-5153c9232449', 'safety');
INSERT INTO `rule_tag_mapping` (`rule_id`, `tag_key`) VALUES ('4a64e90e-92ea-4d5a-a753-3c5ca92a2b95', 'safety');
INSERT INTO `rule_tag_mapping` (`rule_id`, `tag_key`) VALUES ('72af2230-8555-4e0c-a06a-721436a0644e', 'safety');
INSERT INTO `rule_tag_mapping` (`rule_id`, `tag_key`) VALUES ('0a5a7796-6b53-408a-ba49-7fd9e51d82f4', 'safety');
INSERT INTO `rule_tag_mapping` (`rule_id`, `tag_key`) VALUES ('a944a483-c23f-4d62-bdd8-d2a20a4aaeca', 'safety');
INSERT INTO `rule_tag_mapping` (`rule_id`, `tag_key`) VALUES ('9b1d1a9c-6c7e-44db-a15c-c0c82b1040eb', 'safety');
INSERT INTO `rule_tag_mapping` (`rule_id`, `tag_key`) VALUES ('0d51321e-e26c-4147-b730-5b1403384487', 'safety');
INSERT INTO `rule_tag_mapping` (`rule_id`, `tag_key`) VALUES ('0d6270fc-3744-42cd-a850-65ac0b8ef514', 'safety');
INSERT INTO `rule_tag_mapping` (`rule_id`, `tag_key`) VALUES ('c1375dfe-c0b1-4e53-9c2b-6a0f29258a08', 'safety');
INSERT INTO `rule_tag_mapping` (`rule_id`, `tag_key`) VALUES ('1ab302fb-1b06-410a-b17a-fdf7843d6182', 'safety');
INSERT INTO `rule_tag_mapping` (`rule_id`, `tag_key`) VALUES ('f38d83c9-c4b9-47b8-8135-f9bdf96cf8ec', 'safety');
INSERT INTO `rule_tag_mapping` (`rule_id`, `tag_key`) VALUES ('e86583b9-12dd-4316-980a-5eeeba86f9ca', 'safety');

INSERT INTO `rule_group_mapping` (`rule_id`, `group_id`) VALUES ('ebc80d1e-5dd9-4b86-8037-fb7c9727084a', @groupId);
INSERT INTO `rule_group_mapping` (`rule_id`, `group_id`) VALUES ('9929cc2a-7a9b-4643-a813-0e4359b09eb0', @groupId);
INSERT INTO `rule_group_mapping` (`rule_id`, `group_id`) VALUES ('8ad73e84-141a-40c4-bd56-1813535e8e92', @groupId);
INSERT INTO `rule_group_mapping` (`rule_id`, `group_id`) VALUES ('ee74d071-d39e-4b0e-b4a3-e7ad24fbce12', @groupId);
INSERT INTO `rule_group_mapping` (`rule_id`, `group_id`) VALUES ('0dc8ae24-71f8-449a-8834-d59f8fbdf991', @groupId);
INSERT INTO `rule_group_mapping` (`rule_id`, `group_id`) VALUES ('1fbd8c76-90e7-48e4-8281-ef597bb484e8', @groupId);
INSERT INTO `rule_group_mapping` (`rule_id`, `group_id`) VALUES ('6bb291bd-fcdf-4aa9-8fdf-69e761c9c4e0', @groupId);
INSERT INTO `rule_group_mapping` (`rule_id`, `group_id`) VALUES ('350a097a-dfeb-4fd0-a3af-49049da5c025', @groupId);
INSERT INTO `rule_group_mapping` (`rule_id`, `group_id`) VALUES ('fa60960a-0e38-4502-9834-1ab1277e9aaa', @groupId);
INSERT INTO `rule_group_mapping` (`rule_id`, `group_id`) VALUES ('39c87069-a3c6-4ab3-9974-f844a89872b5', @groupId);
INSERT INTO `rule_group_mapping` (`rule_id`, `group_id`) VALUES ('10754933-241e-42db-bb3c-42e13cb40b0f', @groupId);
INSERT INTO `rule_group_mapping` (`rule_id`, `group_id`) VALUES ('7c37887f-0b8d-444c-bad7-e43cd2b41578', @groupId);
INSERT INTO `rule_group_mapping` (`rule_id`, `group_id`) VALUES ('197e41e7-cbc3-4eef-b5ad-5153c9232449', @groupId);
INSERT INTO `rule_group_mapping` (`rule_id`, `group_id`) VALUES ('4a64e90e-92ea-4d5a-a753-3c5ca92a2b95', @groupId);
INSERT INTO `rule_group_mapping` (`rule_id`, `group_id`) VALUES ('72af2230-8555-4e0c-a06a-721436a0644e', @groupId);
INSERT INTO `rule_group_mapping` (`rule_id`, `group_id`) VALUES ('0a5a7796-6b53-408a-ba49-7fd9e51d82f4', @groupId);
INSERT INTO `rule_group_mapping` (`rule_id`, `group_id`) VALUES ('a944a483-c23f-4d62-bdd8-d2a20a4aaeca', @groupId);
INSERT INTO `rule_group_mapping` (`rule_id`, `group_id`) VALUES ('9b1d1a9c-6c7e-44db-a15c-c0c82b1040eb', @groupId);
INSERT INTO `rule_group_mapping` (`rule_id`, `group_id`) VALUES ('0d51321e-e26c-4147-b730-5b1403384487', @groupId);
INSERT INTO `rule_group_mapping` (`rule_id`, `group_id`) VALUES ('0d6270fc-3744-42cd-a850-65ac0b8ef514', @groupId);
INSERT INTO `rule_group_mapping` (`rule_id`, `group_id`) VALUES ('c1375dfe-c0b1-4e53-9c2b-6a0f29258a08', @groupId);
INSERT INTO `rule_group_mapping` (`rule_id`, `group_id`) VALUES ('1ab302fb-1b06-410a-b17a-fdf7843d6182', @groupId);
INSERT INTO `rule_group_mapping` (`rule_id`, `group_id`) VALUES ('f38d83c9-c4b9-47b8-8135-f9bdf96cf8ec', @groupId);
INSERT INTO `rule_group_mapping` (`rule_id`, `group_id`) VALUES ('e86583b9-12dd-4316-980a-5eeeba86f9ca', @groupId);

INSERT INTO `rule_type` (`id`, `rule_id`, `resource_type`) VALUES ('034eb120-b4a6-4a38-bdb4-a6b50900900c', '72af2230-8555-4e0c-a06a-721436a0644e', 'prowler');
INSERT INTO `rule_type` (`id`, `rule_id`, `resource_type`) VALUES ('1526e4e0-19e2-4081-ab35-3ee2d339bfa5', '6bb291bd-fcdf-4aa9-8fdf-69e761c9c4e0', 'prowler');
INSERT INTO `rule_type` (`id`, `rule_id`, `resource_type`) VALUES ('1a8f0037-27ea-48d4-83b5-08972894da73', 'c1375dfe-c0b1-4e53-9c2b-6a0f29258a08', 'prowler');
INSERT INTO `rule_type` (`id`, `rule_id`, `resource_type`) VALUES ('2302b0d4-2479-428e-97de-877aabddf2bb', '4a64e90e-92ea-4d5a-a753-3c5ca92a2b95', 'prowler');
INSERT INTO `rule_type` (`id`, `rule_id`, `resource_type`) VALUES ('2ade0bf8-d9a0-4853-b1be-ce20171d6356', '9b1d1a9c-6c7e-44db-a15c-c0c82b1040eb', 'prowler');
INSERT INTO `rule_type` (`id`, `rule_id`, `resource_type`) VALUES ('33cd7632-6389-4e35-8a03-2e464129f62c', '7c37887f-0b8d-444c-bad7-e43cd2b41578', 'prowler');
INSERT INTO `rule_type` (`id`, `rule_id`, `resource_type`) VALUES ('3cfe49f8-94da-4963-aeb0-b67ec5d94871', 'fa60960a-0e38-4502-9834-1ab1277e9aaa', 'prowler');
INSERT INTO `rule_type` (`id`, `rule_id`, `resource_type`) VALUES ('3d0cfd6f-fa60-48b5-bf2b-6060a269ef0f', 'a944a483-c23f-4d62-bdd8-d2a20a4aaeca', 'prowler');
INSERT INTO `rule_type` (`id`, `rule_id`, `resource_type`) VALUES ('44e7b6e6-b8af-4f54-84ef-5f9a23665313', '1ab302fb-1b06-410a-b17a-fdf7843d6182', 'prowler');
INSERT INTO `rule_type` (`id`, `rule_id`, `resource_type`) VALUES ('54f3c224-71f6-4ce7-935a-54ffbd33fa06', '39c87069-a3c6-4ab3-9974-f844a89872b5', 'prowler');
INSERT INTO `rule_type` (`id`, `rule_id`, `resource_type`) VALUES ('59236010-9c79-4322-8d13-4406774a9b76', '9929cc2a-7a9b-4643-a813-0e4359b09eb0', 'prowler');
INSERT INTO `rule_type` (`id`, `rule_id`, `resource_type`) VALUES ('67b5377e-3230-47de-86af-91c1bc7acaa6', '8ad73e84-141a-40c4-bd56-1813535e8e92', 'prowler');
INSERT INTO `rule_type` (`id`, `rule_id`, `resource_type`) VALUES ('6e3202e6-b382-4213-b880-d3194a0e1a0e', 'f38d83c9-c4b9-47b8-8135-f9bdf96cf8ec', 'prowler');
INSERT INTO `rule_type` (`id`, `rule_id`, `resource_type`) VALUES ('71755cba-4be6-4456-afc0-07fdf6572846', '0d51321e-e26c-4147-b730-5b1403384487', 'prowler');
INSERT INTO `rule_type` (`id`, `rule_id`, `resource_type`) VALUES ('76b060b2-0039-42e0-ae74-73b771625c1f', '10754933-241e-42db-bb3c-42e13cb40b0f', 'prowler');
INSERT INTO `rule_type` (`id`, `rule_id`, `resource_type`) VALUES ('953b0487-661d-4a07-b4ea-d8fdcd69c7a8', '197e41e7-cbc3-4eef-b5ad-5153c9232449', 'prowler');
INSERT INTO `rule_type` (`id`, `rule_id`, `resource_type`) VALUES ('97f71ad9-a75b-4774-9b43-89a336507c0a', '1fbd8c76-90e7-48e4-8281-ef597bb484e8', 'prowler');
INSERT INTO `rule_type` (`id`, `rule_id`, `resource_type`) VALUES ('99ee3e5d-9890-47fb-90b3-f9cb89ad8fa3', '0a5a7796-6b53-408a-ba49-7fd9e51d82f4', 'prowler');
INSERT INTO `rule_type` (`id`, `rule_id`, `resource_type`) VALUES ('ac55224a-a457-41ed-ba3e-51d8098b10d1', '0d6270fc-3744-42cd-a850-65ac0b8ef514', 'prowler');
INSERT INTO `rule_type` (`id`, `rule_id`, `resource_type`) VALUES ('ba2cdd7b-75b6-4068-ab2e-508dbd6c3ea8', 'e86583b9-12dd-4316-980a-5eeeba86f9ca', 'prowler');
INSERT INTO `rule_type` (`id`, `rule_id`, `resource_type`) VALUES ('c4a5b858-e9a0-4a44-8723-2f0d45623ba5', '0dc8ae24-71f8-449a-8834-d59f8fbdf991', 'prowler');
INSERT INTO `rule_type` (`id`, `rule_id`, `resource_type`) VALUES ('cbbfa025-2917-49bb-b4ec-c16560f3fed3', 'ebc80d1e-5dd9-4b86-8037-fb7c9727084a', 'prowler');
INSERT INTO `rule_type` (`id`, `rule_id`, `resource_type`) VALUES ('ddda73c2-719e-4baf-b8c0-a7559cd1bd2d', 'ee74d071-d39e-4b0e-b4a3-e7ad24fbce12', 'prowler');
INSERT INTO `rule_type` (`id`, `rule_id`, `resource_type`) VALUES ('fc081920-c525-4d78-94cb-5f62c848ed09', '350a097a-dfeb-4fd0-a3af-49049da5c025', 'prowler');
